Date	Share Link	Caption / Artist Info
Oct 16, 2021, 10:31:28 PM	https://photos.google.com/share/AF1QipNwu1KEAQX-fJ_ma6C1TQ3T-MPdYb7eTx1wV00haRe585P7y25_vSDFruIsMhFpHA/photo/AF1QipOmIusKibvQam_6dsFcyanAiP7EqcWL_UOTgz6R?key=cWhvRnlpQXdoaG52aTFwTjQ5LUNGMFBTeGk3Z2Zn	Live show VIP experience in the time of COVID. Such sweet sisters, making great sounds together. 10/16/2021 at The Recher. I am a big Larkin Poe fanboy...
Apr 4, 2022, 8:15:29 PM	https://photos.google.com/share/AF1QipNwu1KEAQX-fJ_ma6C1TQ3T-MPdYb7eTx1wV00haRe585P7y25_vSDFruIsMhFpHA/photo/AF1QipMN2e9yG2i2Iu5raT9DDzQCzz3TLn1E-_G4sdm2?key=cWhvRnlpQXdoaG52aTFwTjQ5LUNGMFBTeGk3Z2Zn	oh nothing. just me and then-22-year-old, now Grammy-winning Best Contemporary Blues Album artist Kingfish Ingram. The dude can flat out guitar... | November 18, 2021 at Sixth & I Synagogue
Mar 9, 2023, 11:53:49 PM	https://photos.google.com/share/AF1QipNwu1KEAQX-fJ_ma6C1TQ3T-MPdYb7eTx1wV00haRe585P7y25_vSDFruIsMhFpHA/photo/AF1QipNTILxPZR8qR-ZDXqCPQLiraXzcwcFzDfomXOLe?key=cWhvRnlpQXdoaG52aTFwTjQ5LUNGMFBTeGk3Z2Zn	Live music binge  - this time I got a photo with the band Larkin Poe at 9:30 Club 03/09/2023
Jul 29, 2023, 2:44:46 PM	https://photos.google.com/share/AF1QipNwu1KEAQX-fJ_ma6C1TQ3T-MPdYb7eTx1wV00haRe585P7y25_vSDFruIsMhFpHA/photo/AF1QipMjDkGL5VWY7Z-yi2UNwwOdBBdh2kQHU7u-Kh0z?key=cWhvRnlpQXdoaG52aTFwTjQ5LUNGMFBTeGk3Z2Zn	Ally Venable at Rams Head On Stage 6/28/23
Jul 29, 2023, 2:44:46 PM	https://photos.google.com/share/AF1QipNwu1KEAQX-fJ_ma6C1TQ3T-MPdYb7eTx1wV00haRe585P7y25_vSDFruIsMhFpHA/photo/AF1QipPvRHbZ9fV3XpOafkLCpwwSHio-Tt48p3-ndS00?key=cWhvRnlpQXdoaG52aTFwTjQ5LUNGMFBTeGk3Z2Zn	Ana Popović at Hamilton Live 7/28/23
Jul 29, 2023, 2:44:49 PM	https://photos.google.com/share/AF1QipNwu1KEAQX-fJ_ma6C1TQ3T-MPdYb7eTx1wV00haRe585P7y25_vSDFruIsMhFpHA/photo/AF1QipOA9IzWgkg0kACtD3BvO44XBGISSd07V_AzKHMp?key=cWhvRnlpQXdoaG52aTFwTjQ5LUNGMFBTeGk3Z2Zn	Eric Gales at Hamilton Live 5/17/23
Aug 5, 2023, 9:33:49 PM	https://photos.google.com/share/AF1QipNwu1KEAQX-fJ_ma6C1TQ3T-MPdYb7eTx1wV00haRe585P7y25_vSDFruIsMhFpHA/photo/AF1QipPgvN1EJILTZ666aRjDL-wdR2RF19sJKqZ_900i?key=cWhvRnlpQXdoaG52aTFwTjQ5LUNGMFBTeGk3Z2Zn	Bob Alcorn of Malibu Wanderers (now Wildflower Dreams)  | at Celtic House 8/4/23
Aug 19, 2023, 1:28:37 AM	https://photos.google.com/share/AF1QipNwu1KEAQX-fJ_ma6C1TQ3T-MPdYb7eTx1wV00haRe585P7y25_vSDFruIsMhFpHA/photo/AF1QipMeYCKGb-Fn5H3ocF44ELflVWGorLgAan61LHOD?key=cWhvRnlpQXdoaG52aTFwTjQ5LUNGMFBTeGk3Z2Zn	King Solomon Hicks - opening for Jimmy Vaughan at State Theatre, Falls Church
Sep 8, 2023, 9:53:26 PM	https://photos.google.com/share/AF1QipNwu1KEAQX-fJ_ma6C1TQ3T-MPdYb7eTx1wV00haRe585P7y25_vSDFruIsMhFpHA/photo/AF1QipPyfCTY-IJJyASz8Q9AS-9vmX4e_FRlzNFEIPwl?key=cWhvRnlpQXdoaG52aTFwTjQ5LUNGMFBTeGk3Z2Zn	ZZ Ward @ 9:30 Club 9/8/23
Sep 14, 2023, 2:10:55 AM	https://photos.google.com/share/AF1QipNwu1KEAQX-fJ_ma6C1TQ3T-MPdYb7eTx1wV00haRe585P7y25_vSDFruIsMhFpHA/photo/AF1QipN_i2eT6e_fE92HurEry5HtYuYKVtYQMCCYg5M4?key=cWhvRnlpQXdoaG52aTFwTjQ5LUNGMFBTeGk3Z2Zn	Sonny Landreth @ Hamilton Live 9/13/23
Sep 28, 2023, 12:54:17 AM	https://photos.google.com/share/AF1QipNwu1KEAQX-fJ_ma6C1TQ3T-MPdYb7eTx1wV00haRe585P7y25_vSDFruIsMhFpHA/photo/AF1QipNkjamoVNB6r3gdttJXrjVj4pUT6YRmKi6kVFBg?key=cWhvRnlpQXdoaG52aTFwTjQ5LUNGMFBTeGk3Z2Zn	Adia Victoria 9/27/23 Clarice Smith Performing Arts Center, U-Maryland
Oct 6, 2023, 2:10:52 PM	https://photos.google.com/share/AF1QipNwu1KEAQX-fJ_ma6C1TQ3T-MPdYb7eTx1wV00haRe585P7y25_vSDFruIsMhFpHA/photo/AF1QipNL2aq_mApSizW5BeQw-TThX1F318zqRSoIq51h?key=cWhvRnlpQXdoaG52aTFwTjQ5LUNGMFBTeGk3Z2Zn	Victor Wooten 10/5/23 @ Fillmore at Silver Spring
Oct 9, 2023, 2:37:43 AM	https://photos.google.com/share/AF1QipNwu1KEAQX-fJ_ma6C1TQ3T-MPdYb7eTx1wV00haRe585P7y25_vSDFruIsMhFpHA/photo/AF1QipMJO8a6tB6wyNcJqrfsNfODcbqr3GaKyBT6BEz3?key=cWhvRnlpQXdoaG52aTFwTjQ5LUNGMFBTeGk3Z2Zn	Vanessa Collier @ Strathmore AMP 10/8/23
Oct 14, 2023, 3:31:19 AM	https://photos.google.com/share/AF1QipNwu1KEAQX-fJ_ma6C1TQ3T-MPdYb7eTx1wV00haRe585P7y25_vSDFruIsMhFpHA/photo/AF1QipMX2F7NSi2-aYYCgSrCKdpT3t_RegYE7EpPvycK?key=cWhvRnlpQXdoaG52aTFwTjQ5LUNGMFBTeGk3Z2Zn	Daniel Donato at Pearl Street Warehouse 10/13/23
Oct 27, 2023, 1:18:07 AM	https://photos.google.com/share/AF1QipNwu1KEAQX-fJ_ma6C1TQ3T-MPdYb7eTx1wV00haRe585P7y25_vSDFruIsMhFpHA/photo/AF1QipMEu9ZGcvaBOq0ZLw_pFNvv6xhJPMX6bGaEOz-y?key=cWhvRnlpQXdoaG52aTFwTjQ5LUNGMFBTeGk3Z2Zn	Albert Cummings, Jammin Java 10/26/23
Oct 28, 2023, 6:52:55 PM	https://photos.google.com/share/AF1QipNwu1KEAQX-fJ_ma6C1TQ3T-MPdYb7eTx1wV00haRe585P7y25_vSDFruIsMhFpHA/photo/AF1QipOPpsTRnj79Wx3qziPx2dKG2NPhoypEAxb118lQ?key=cWhvRnlpQXdoaG52aTFwTjQ5LUNGMFBTeGk3Z2Zn	Laura Rogers and Lydia Slagle of Secret Sisters @ Birchmere 10/22/23
Nov 22, 2023, 1:06:58 AM	https://photos.google.com/share/AF1QipNwu1KEAQX-fJ_ma6C1TQ3T-MPdYb7eTx1wV00haRe585P7y25_vSDFruIsMhFpHA/photo/AF1QipPqIVvhElYX05cEIgNWQGzpIsD0cHJhmZ2lGqgP?key=cWhvRnlpQXdoaG52aTFwTjQ5LUNGMFBTeGk3Z2Zn	Ok, no guitarist in this photo. This very blue-lit band is Lucky Chops @ Union Stage 3/5/23 (l to r) Drummer, Trombone, Trumpet, me, Sousaphone, Bari Sax, Tenor Sax
Nov 26, 2023, 11:38:32 PM	https://photos.google.com/share/AF1QipNwu1KEAQX-fJ_ma6C1TQ3T-MPdYb7eTx1wV00haRe585P7y25_vSDFruIsMhFpHA/photo/AF1QipOw7qsvfBZylIivyo4crOTiya5FzU-99A9X8nAF?key=cWhvRnlpQXdoaG52aTFwTjQ5LUNGMFBTeGk3Z2Zn	Brian Elmquist, Zach Williams and Kanene Donehey Pipkin of Lone Bellow. The Barns at Wolf Trap 11/26/23
Dec 4, 2023, 1:56:39 AM	https://photos.google.com/share/AF1QipNwu1KEAQX-fJ_ma6C1TQ3T-MPdYb7eTx1wV00haRe585P7y25_vSDFruIsMhFpHA/photo/AF1QipOS4wUE4Nh9HyW3ELmyZlFm5s6qpkduVm0NlQTV?key=cWhvRnlpQXdoaG52aTFwTjQ5LUNGMFBTeGk3Z2Zn	Eric Johanson @ The Fillmore Silver Spring 12/3/23
Dec 4, 2023, 4:05:44 PM	https://photos.google.com/share/AF1QipNwu1KEAQX-fJ_ma6C1TQ3T-MPdYb7eTx1wV00haRe585P7y25_vSDFruIsMhFpHA/photo/AF1QipNQfOMsL3jVvNfQBbyJBmQZfVYr-j2_J_9fRzz0?key=cWhvRnlpQXdoaG52aTFwTjQ5LUNGMFBTeGk3Z2Zn	Samantha Fish + Jesse Dayton @ The Fillmore Silver Spring 12/3/23
Dec 11, 2023, 11:56:13 AM	https://photos.google.com/share/AF1QipNwu1KEAQX-fJ_ma6C1TQ3T-MPdYb7eTx1wV00haRe585P7y25_vSDFruIsMhFpHA/photo/AF1QipOjGnlPjoh04agzYEJDUfabEjdZd_n129QxeuTP?key=cWhvRnlpQXdoaG52aTFwTjQ5LUNGMFBTeGk3Z2Zn	Allison Russell. Yes I'm wearing the tour shirt I just purchased. Birchmere 12/10/23
Feb 21, 2024, 7:29:30 PM	https://photos.google.com/share/AF1QipNwu1KEAQX-fJ_ma6C1TQ3T-MPdYb7eTx1wV00haRe585P7y25_vSDFruIsMhFpHA/photo/AF1QipPRRDenIyNwRM1oDi_kga2BXVdJZZkygrM0su-W?key=cWhvRnlpQXdoaG52aTFwTjQ5LUNGMFBTeGk3Z2Zn	Eric Gales, round 2 @ Hamilton Live DC 2/20/24
Feb 23, 2024, 1:19:09 AM	https://photos.google.com/share/AF1QipNwu1KEAQX-fJ_ma6C1TQ3T-MPdYb7eTx1wV00haRe585P7y25_vSDFruIsMhFpHA/photo/AF1QipMvT4D2bRXPkMyBZfn5KXS_00xKL4zlnZwDIYDv?key=cWhvRnlpQXdoaG52aTFwTjQ5LUNGMFBTeGk3Z2Zn	Artur Menezes @ Hamilton Live DC 2/20/24 supporting Eric Gales
Feb 26, 2024, 2:21:12 AM	https://photos.google.com/share/AF1QipNwu1KEAQX-fJ_ma6C1TQ3T-MPdYb7eTx1wV00haRe585P7y25_vSDFruIsMhFpHA/photo/AF1QipMMVVjK76QaAxnXBdciBAx1QlUmeUQydPKlpw_C?key=cWhvRnlpQXdoaG52aTFwTjQ5LUNGMFBTeGk3Z2Zn	Selwyn Birchwood. Collective Encore 2/25/24
Apr 13, 2024, 12:07:43 PM	https://photos.google.com/share/AF1QipNwu1KEAQX-fJ_ma6C1TQ3T-MPdYb7eTx1wV00haRe585P7y25_vSDFruIsMhFpHA/photo/AF1QipMpS6v7mxImoY-1e64m7ffplgbU-3A6qxJVY1ku?key=cWhvRnlpQXdoaG52aTFwTjQ5LUNGMFBTeGk3Z2Zn	Danielle Nicole @ Hamilton Live 4/12/24
Apr 14, 2024, 12:41:24 AM	https://photos.google.com/share/AF1QipNwu1KEAQX-fJ_ma6C1TQ3T-MPdYb7eTx1wV00haRe585P7y25_vSDFruIsMhFpHA/photo/AF1QipNDowZBTXmzQGxHlSp_x0eag71Tu1ZtTbx7eSDX?key=cWhvRnlpQXdoaG52aTFwTjQ5LUNGMFBTeGk3Z2Zn	Judith Hill @ Fillmore Silver Spring 4/13/24
Apr 20, 2024, 2:21:33 PM	https://photos.google.com/share/AF1QipNwu1KEAQX-fJ_ma6C1TQ3T-MPdYb7eTx1wV00haRe585P7y25_vSDFruIsMhFpHA/photo/AF1QipNFUDXw5Va_y5UrBV_8DtkPCAxN9RgJSqZvy9Fn?key=cWhvRnlpQXdoaG52aTFwTjQ5LUNGMFBTeGk3Z2Zn	Vanessa Collier @ Collective Encore 4/19/24 - her long-time birthday venue when it was called the Soundry
May 18, 2024, 4:13:12 PM	https://photos.google.com/share/AF1QipNwu1KEAQX-fJ_ma6C1TQ3T-MPdYb7eTx1wV00haRe585P7y25_vSDFruIsMhFpHA/photo/AF1QipNnUXarw91vxgW0fTyd9PtZYKt7ZTN3U8Gfiyrg?key=cWhvRnlpQXdoaG52aTFwTjQ5LUNGMFBTeGk3Z2Zn	Joe Cabral, bajo sexto and saxophone player for The Iguanas - Hamilton Live, 5/16/24
May 18, 2024, 4:15:38 PM	https://photos.google.com/share/AF1QipNwu1KEAQX-fJ_ma6C1TQ3T-MPdYb7eTx1wV00haRe585P7y25_vSDFruIsMhFpHA/photo/AF1QipOpyv-ct9MwYJ3VLC-J38qc0zSQa2NlhCTqk0KG?key=cWhvRnlpQXdoaG52aTFwTjQ5LUNGMFBTeGk3Z2Zn	Sonny Landreth - Hamilton Live 5/16/24
Jun 7, 2024, 1:00:48 AM	https://photos.google.com/share/AF1QipNwu1KEAQX-fJ_ma6C1TQ3T-MPdYb7eTx1wV00haRe585P7y25_vSDFruIsMhFpHA/photo/AF1QipNsE8POTuye3YPms-sL1-QuGW1zUHtHT_5piYWc?key=cWhvRnlpQXdoaG52aTFwTjQ5LUNGMFBTeGk3Z2Zn	Jackie Venson @ Color Burst Park 6/6/24
Jun 17, 2024, 3:25:30 AM	https://photos.google.com/share/AF1QipNwu1KEAQX-fJ_ma6C1TQ3T-MPdYb7eTx1wV00haRe585P7y25_vSDFruIsMhFpHA/photo/AF1QipPMHXR0v5ZYN__RQaKMxpu5kLxiH5D2eKDLqjc0?key=cWhvRnlpQXdoaG52aTFwTjQ5LUNGMFBTeGk3Z2Zn	Shaw Davis @ Rams Head Live  6/16/24
Jun 22, 2024, 2:35:10 AM	https://photos.google.com/share/AF1QipNwu1KEAQX-fJ_ma6C1TQ3T-MPdYb7eTx1wV00haRe585P7y25_vSDFruIsMhFpHA/photo/AF1QipNAF3HKme3cOyAK__ZfeyhK0g7-UDriAgCWG3qx?key=cWhvRnlpQXdoaG52aTFwTjQ5LUNGMFBTeGk3Z2Zn	Buffalo Nichols @ Jammin' Java (VA) 6/21/24
Jun 26, 2024, 3:38:30 AM	https://photos.google.com/share/AF1QipNwu1KEAQX-fJ_ma6C1TQ3T-MPdYb7eTx1wV00haRe585P7y25_vSDFruIsMhFpHA/photo/AF1QipML6kOgBnmP4A-grEM2Oj5ODJUb2dZ7Poz5uhwe?key=cWhvRnlpQXdoaG52aTFwTjQ5LUNGMFBTeGk3Z2Zn	Mikaela Davis (harpist) Pearl Street Warehouse 6/25/24
Jul 19, 2024, 1:12:34 PM	https://photos.google.com/share/AF1QipNwu1KEAQX-fJ_ma6C1TQ3T-MPdYb7eTx1wV00haRe585P7y25_vSDFruIsMhFpHA/photo/AF1QipOz1C0Q7rlxRWUMe0zY1Mbca7LtuIMR-iG-B5fg?key=cWhvRnlpQXdoaG52aTFwTjQ5LUNGMFBTeGk3Z2Zn	Mike Zito @ Birchmere 7/18 | (I was talking instead of smiling, but also my face had just been melted off)
Aug 24, 2024, 2:14:44 AM	https://photos.google.com/share/AF1QipNwu1KEAQX-fJ_ma6C1TQ3T-MPdYb7eTx1wV00haRe585P7y25_vSDFruIsMhFpHA/photo/AF1QipOmDw1Noik-3ss6gsQTdf21Z2qFSnFATCi-wMaf?key=cWhvRnlpQXdoaG52aTFwTjQ5LUNGMFBTeGk3Z2Zn	Sue Foley @ Hamilton Live 8/23/24
Sep 9, 2024, 1:36:05 AM	https://photos.google.com/share/AF1QipNwu1KEAQX-fJ_ma6C1TQ3T-MPdYb7eTx1wV00haRe585P7y25_vSDFruIsMhFpHA/photo/AF1QipO19AHZ_ciaainoN6sOnodzcVpfm_PYfxOeLMye?key=cWhvRnlpQXdoaG52aTFwTjQ5LUNGMFBTeGk3Z2Zn	Vanessa Collier Rams Head Live On Stage, 9/8/24
Sep 19, 2024, 9:16:16 PM	https://photos.google.com/share/AF1QipNwu1KEAQX-fJ_ma6C1TQ3T-MPdYb7eTx1wV00haRe585P7y25_vSDFruIsMhFpHA/photo/AF1QipPJrWJ1fzxlVGK-rP5_RulOIivpQc7UKpCP9eJd?key=cWhvRnlpQXdoaG52aTFwTjQ5LUNGMFBTeGk3Z2Zn	Selwyn Birchwood @ The Vault at Capital One Hall 9/18 first time there for both of us!
Oct 6, 2024, 1:47:24 AM	https://photos.google.com/share/AF1QipNwu1KEAQX-fJ_ma6C1TQ3T-MPdYb7eTx1wV00haRe585P7y25_vSDFruIsMhFpHA/photo/AF1QipO6igN8G9386gPPUrtjA9u_KmpOnzD4Bn_hYB0N?key=cWhvRnlpQXdoaG52aTFwTjQ5LUNGMFBTeGk3Z2Zn	Valerie June @ Publick Playhouse 10/5/24
Oct 10, 2024, 3:06:47 PM	https://photos.google.com/share/AF1QipNwu1KEAQX-fJ_ma6C1TQ3T-MPdYb7eTx1wV00haRe585P7y25_vSDFruIsMhFpHA/photo/AF1QipOdhEmQul8iSy64tuWdhuuF5KbrE22r1RdEAMt4?key=cWhvRnlpQXdoaG52aTFwTjQ5LUNGMFBTeGk3Z2Zn	Laura Chavez @ Hamilton Live 10/9/24 | (very averse to photos, very incredible on guitar)
Oct 14, 2024, 11:13:11 PM	https://photos.google.com/share/AF1QipNwu1KEAQX-fJ_ma6C1TQ3T-MPdYb7eTx1wV00haRe585P7y25_vSDFruIsMhFpHA/photo/AF1QipMrNix4XAaOwL2DdmhvsdeIjISSOHhw5aezahSL?key=cWhvRnlpQXdoaG52aTFwTjQ5LUNGMFBTeGk3Z2Zn	Jake Xerxes Fussell @ Songbyrd Music House 10/13/24
Oct 15, 2024, 12:19:38 AM	https://photos.google.com/share/AF1QipNwu1KEAQX-fJ_ma6C1TQ3T-MPdYb7eTx1wV00haRe585P7y25_vSDFruIsMhFpHA/photo/AF1QipPxr8FYiGCq679hg76GptTqUOMy_8EsUIBr9Itr?key=cWhvRnlpQXdoaG52aTFwTjQ5LUNGMFBTeGk3Z2Zn	Vanessa Collier @ Hamilton Live 10/9/24
Oct 17, 2024, 2:33:32 AM	https://photos.google.com/share/AF1QipNwu1KEAQX-fJ_ma6C1TQ3T-MPdYb7eTx1wV00haRe585P7y25_vSDFruIsMhFpHA/photo/AF1QipPWxjrCqE5HAmFc0xMozC5IHHJaR8GisoSRdsYv?key=cWhvRnlpQXdoaG52aTFwTjQ5LUNGMFBTeGk3Z2Zn	Ana Popovic 10/16/24 @ Hamilton Live
Oct 20, 2024, 3:26:24 AM	https://photos.google.com/share/AF1QipNwu1KEAQX-fJ_ma6C1TQ3T-MPdYb7eTx1wV00haRe585P7y25_vSDFruIsMhFpHA/photo/AF1QipNKYfOTXd4oGVHoS3aPbWjIjzSlVwzozwGWyO8x?key=cWhvRnlpQXdoaG52aTFwTjQ5LUNGMFBTeGk3Z2Zn	Shemekia Copeland (singer) @ Rams Head 10/19/24
Nov 9, 2024, 1:47:30 PM	https://photos.google.com/share/AF1QipNwu1KEAQX-fJ_ma6C1TQ3T-MPdYb7eTx1wV00haRe585P7y25_vSDFruIsMhFpHA/photo/AF1QipPuM_WTyYbHSxIC46HET7F0V684FLfr0_-j-8Xo?key=cWhvRnlpQXdoaG52aTFwTjQ5LUNGMFBTeGk3Z2Zn	Albert Cummings @ The Collective Encore 11/8/24
Nov 10, 2024, 12:50:12 AM	https://photos.google.com/share/AF1QipNwu1KEAQX-fJ_ma6C1TQ3T-MPdYb7eTx1wV00haRe585P7y25_vSDFruIsMhFpHA/photo/AF1QipOK0uooNqpdl-iD8ySWtkMKZ6SMxaBYnGMm7ys5?key=cWhvRnlpQXdoaG52aTFwTjQ5LUNGMFBTeGk3Z2Zn	Augustus Tritsch @ The Kennedy Center  11/9/24
Nov 17, 2024, 10:14:35 PM	https://photos.google.com/share/AF1QipNwu1KEAQX-fJ_ma6C1TQ3T-MPdYb7eTx1wV00haRe585P7y25_vSDFruIsMhFpHA/photo/AF1QipNcQb6emMHD1SuqavlBJ8chv3RsAnsQFdLC1osl?key=cWhvRnlpQXdoaG52aTFwTjQ5LUNGMFBTeGk3Z2Zn	Lindsay Lou @ Strathmore 11/16/24
Nov 21, 2024, 2:00:46 PM	https://photos.google.com/share/AF1QipNwu1KEAQX-fJ_ma6C1TQ3T-MPdYb7eTx1wV00haRe585P7y25_vSDFruIsMhFpHA/photo/AF1QipP-tf1uE-Vwr47WSiNK0PtdNLRdgk_tH0gL6lrJ?key=cWhvRnlpQXdoaG52aTFwTjQ5LUNGMFBTeGk3Z2Zn	Ghalia Volt @ Warner 11/20/24
Dec 23, 2024, 5:42:12 AM	https://photos.google.com/share/AF1QipNwu1KEAQX-fJ_ma6C1TQ3T-MPdYb7eTx1wV00haRe585P7y25_vSDFruIsMhFpHA/photo/AF1QipMv4beunvUyfyM-g3B8p8MIelZv8418cZ14xLlQ?key=cWhvRnlpQXdoaG52aTFwTjQ5LUNGMFBTeGk3Z2Zn	Albert Castiglia @ JVs 12/22/24
Jan 11, 2025, 3:22:14 PM	https://photos.google.com/share/AF1QipNwu1KEAQX-fJ_ma6C1TQ3T-MPdYb7eTx1wV00haRe585P7y25_vSDFruIsMhFpHA/photo/AF1QipNgb7m7ziG5mQBBvhZIGLjoymxzKD5GacoZy92x?key=cWhvRnlpQXdoaG52aTFwTjQ5LUNGMFBTeGk3Z2Zn	Keith Roberts of Young Dubliners @ Pearl Street 1/10/2025
Jan 11, 2025, 3:22:14 PM	https://photos.google.com/share/AF1QipNwu1KEAQX-fJ_ma6C1TQ3T-MPdYb7eTx1wV00haRe585P7y25_vSDFruIsMhFpHA/photo/AF1QipNv8FAGGhJRoiTkGeL5nl_3zVM6B7wYWIxfEIfQ?key=cWhvRnlpQXdoaG52aTFwTjQ5LUNGMFBTeGk3Z2Zn	Chas Waltz (violin) of Young Dubliners @ Pearl Street 1/10/2025
Jan 26, 2025, 12:42:10 AM	https://photos.google.com/share/AF1QipNwu1KEAQX-fJ_ma6C1TQ3T-MPdYb7eTx1wV00haRe585P7y25_vSDFruIsMhFpHA/photo/AF1QipO1QZ1d_5cnovFYOL-xuHmYLb5qoQFN-MrWGQ8d?key=cWhvRnlpQXdoaG52aTFwTjQ5LUNGMFBTeGk3Z2Zn	Oliver Wood @ Birchmere 1/22/25
Jan 26, 2025, 12:42:10 AM	https://photos.google.com/share/AF1QipNwu1KEAQX-fJ_ma6C1TQ3T-MPdYb7eTx1wV00haRe585P7y25_vSDFruIsMhFpHA/photo/AF1QipOZ4LgK_AB2H_5go4dXmoQdVWMal3cTwSlpvNOt?key=cWhvRnlpQXdoaG52aTFwTjQ5LUNGMFBTeGk3Z2Zn	Langhorne Slim @ Birchmere 1/22/25
Feb 8, 2025, 4:42:21 PM	https://photos.google.com/share/AF1QipNwu1KEAQX-fJ_ma6C1TQ3T-MPdYb7eTx1wV00haRe585P7y25_vSDFruIsMhFpHA/photo/AF1QipMiUrA-I7o8_Fw4HUdcRH8t613Au1giEZIC-Fc0?key=cWhvRnlpQXdoaG52aTFwTjQ5LUNGMFBTeGk3Z2Zn	Yasmin Williams @ Birchmere 2/7/25 |  | fresh from her NPR Tiny Desk taping https://www.npr.org/2025/02/07/g-s1-45615/yasmin-williams-tiny-desk-concert
Feb 8, 2025, 9:03:24 PM	https://photos.google.com/share/AF1QipNwu1KEAQX-fJ_ma6C1TQ3T-MPdYb7eTx1wV00haRe585P7y25_vSDFruIsMhFpHA/photo/AF1QipODxZ7bZp_u5qS9cFjBzhoTx78SUGGn0i4jAjaw?key=cWhvRnlpQXdoaG52aTFwTjQ5LUNGMFBTeGk3Z2Zn	Sue Foley @ Hamilton Live 2/6/25
Feb 27, 2025, 2:51:50 PM	https://photos.google.com/share/AF1QipNwu1KEAQX-fJ_ma6C1TQ3T-MPdYb7eTx1wV00haRe585P7y25_vSDFruIsMhFpHA/photo/AF1QipM-A8jLDp-uXdUT4pikygVVStE5rdNIVCNxAa7X?key=cWhvRnlpQXdoaG52aTFwTjQ5LUNGMFBTeGk3Z2Zn	Trevor Lewington of Enter the Haggis @ The Barns at Wolf Trap 2/26/25 my birthday, show #2 of the Exit The Haggis farewell tour
Feb 28, 2025, 10:13:29 PM	https://photos.google.com/share/AF1QipNwu1KEAQX-fJ_ma6C1TQ3T-MPdYb7eTx1wV00haRe585P7y25_vSDFruIsMhFpHA/photo/AF1QipN3_ZHz5tBGxWpNFfhTGlUWE8mZLzMVkm678ssB?key=cWhvRnlpQXdoaG52aTFwTjQ5LUNGMFBTeGk3Z2Zn	Mike Zito @ Hub City Vinyl Live 2/27/25
Mar 22, 2025, 1:07:09 PM	https://photos.google.com/share/AF1QipNwu1KEAQX-fJ_ma6C1TQ3T-MPdYb7eTx1wV00haRe585P7y25_vSDFruIsMhFpHA/photo/AF1QipP7hY6dE1phWgYHf5wnump2qQ3GQL3vf5p-mVFJ?key=cWhvRnlpQXdoaG52aTFwTjQ5LUNGMFBTeGk3Z2Zn	Tikyra Jackson, drummer for Southern Avenue - Ram's Head Live on Stage 3/21/25
Mar 22, 2025, 1:07:09 PM	https://photos.google.com/share/AF1QipNwu1KEAQX-fJ_ma6C1TQ3T-MPdYb7eTx1wV00haRe585P7y25_vSDFruIsMhFpHA/photo/AF1QipMg5KbvhUdpUwLnwO3_3hnK0o7NEC6RM8W8jYLG?key=cWhvRnlpQXdoaG52aTFwTjQ5LUNGMFBTeGk3Z2Zn	Ori Naftaly of Southern Avenue and his youngest fan. Ram's Head Live on Stage 3/21/25
Mar 22, 2025, 1:07:10 PM	https://photos.google.com/share/AF1QipNwu1KEAQX-fJ_ma6C1TQ3T-MPdYb7eTx1wV00haRe585P7y25_vSDFruIsMhFpHA/photo/AF1QipMubp2hjJ7gcdHpi70XwNm50E4JrkywBFZeJ1ig?key=cWhvRnlpQXdoaG52aTFwTjQ5LUNGMFBTeGk3Z2Zn	Tierinii Jackson, voice of Southern Avenue - Ram's Head Live on Stage 3/21/25
Apr 20, 2025, 1:27:03 AM	https://photos.google.com/share/AF1QipNwu1KEAQX-fJ_ma6C1TQ3T-MPdYb7eTx1wV00haRe585P7y25_vSDFruIsMhFpHA/photo/AF1QipMQFKQEDOSTjh_qb_81r17bNYtS8Mi5t3KaOHsG?key=cWhvRnlpQXdoaG52aTFwTjQ5LUNGMFBTeGk3Z2Zn	Valerie June, Ram's Head Live on Stage 4/18/25
May 3, 2025, 2:54:22 PM	https://photos.google.com/share/AF1QipNwu1KEAQX-fJ_ma6C1TQ3T-MPdYb7eTx1wV00haRe585P7y25_vSDFruIsMhFpHA/photo/AF1QipPDSiw5TiFfVYBoAutYdxJdxxm_xLWbd19RhMPa?key=cWhvRnlpQXdoaG52aTFwTjQ5LUNGMFBTeGk3Z2Zn	Danielle Nicole @ Pearl Street Warehouse 5/2/25
May 3, 2025, 2:54:22 PM	https://photos.google.com/share/AF1QipNwu1KEAQX-fJ_ma6C1TQ3T-MPdYb7eTx1wV00haRe585P7y25_vSDFruIsMhFpHA/photo/AF1QipNmCilow3HfMyKzh8fMnnJGIwXekhx571vKBGbL?key=cWhvRnlpQXdoaG52aTFwTjQ5LUNGMFBTeGk3Z2Zn	Brandon Miller @ Pearl Street | Warehouse 5/2/25
May 9, 2025, 9:31:06 PM	https://photos.google.com/share/AF1QipNwu1KEAQX-fJ_ma6C1TQ3T-MPdYb7eTx1wV00haRe585P7y25_vSDFruIsMhFpHA/photo/AF1QipPWyABmkpJb62f5XJt0NjWJEKTwJ2gtzrOqq9sT?key=cWhvRnlpQXdoaG52aTFwTjQ5LUNGMFBTeGk3Z2Zn	Larkin Poe at 9:30 Club 5/9/25
May 15, 2025, 7:27:30 PM	https://photos.google.com/share/AF1QipNwu1KEAQX-fJ_ma6C1TQ3T-MPdYb7eTx1wV00haRe585P7y25_vSDFruIsMhFpHA/photo/AF1QipPhu-vwmQVH_Xnhfp1cnbA1fuZTeHCP7UQG0okA?key=cWhvRnlpQXdoaG52aTFwTjQ5LUNGMFBTeGk3Z2Zn	Ally Venable @ Ram's Head Live On Stage 5/14/25
Jun 14, 2025, 7:53:39 PM	https://photos.google.com/share/AF1QipNwu1KEAQX-fJ_ma6C1TQ3T-MPdYb7eTx1wV00haRe585P7y25_vSDFruIsMhFpHA/photo/AF1QipNL5BBTKE4ZWm8S8ySbbv9jwXiDQu6MF3puzTNb?key=cWhvRnlpQXdoaG52aTFwTjQ5LUNGMFBTeGk3Z2Zn	The Heavy Heavy - William Turner and Georgie Fuller @ The Atlantis 5/13/25
Jul 14, 2025, 2:47:22 AM	https://photos.google.com/share/AF1QipNwu1KEAQX-fJ_ma6C1TQ3T-MPdYb7eTx1wV00haRe585P7y25_vSDFruIsMhFpHA/photo/AF1QipPdYM6KSBoHSS4UZPRgHvVE-vt2XfvAnGGNe73E?key=cWhvRnlpQXdoaG52aTFwTjQ5LUNGMFBTeGk3Z2Zn	JP Soars at JV's Music Room 7/13/25
Jul 19, 2025, 1:46:14 AM	https://photos.google.com/share/AF1QipNwu1KEAQX-fJ_ma6C1TQ3T-MPdYb7eTx1wV00haRe585P7y25_vSDFruIsMhFpHA/photo/AF1QipM0dZWiYz6LlM-izqhUgapc7wffBfJ3vc3mRwrZ?key=cWhvRnlpQXdoaG52aTFwTjQ5LUNGMFBTeGk3Z2Zn	Jax Hollow & Taylor Tuke @ Ram's Head Live On Stage 7/17/25
Jul 22, 2025, 4:43:06 PM	https://photos.google.com/share/AF1QipNwu1KEAQX-fJ_ma6C1TQ3T-MPdYb7eTx1wV00haRe585P7y25_vSDFruIsMhFpHA/photo/AF1QipOxBDablxhmD8QjifqMbBoXK6QV1mKP_ysa4Exs?key=cWhvRnlpQXdoaG52aTFwTjQ5LUNGMFBTeGk3Z2Zn	Amythyst Kiah @ Jammin' Java 7/21/25
Aug 4, 2025, 1:43:00 PM	https://photos.google.com/share/AF1QipNwu1KEAQX-fJ_ma6C1TQ3T-MPdYb7eTx1wV00haRe585P7y25_vSDFruIsMhFpHA/photo/AF1QipNBJqblam1ov8JD35ED9S-TqSgKxg5Lul3LGxjn?key=cWhvRnlpQXdoaG52aTFwTjQ5LUNGMFBTeGk3Z2Zn	Eric Johansen @ Jammin' Java 8/3/25
Aug 20, 2025, 2:22:17 AM	https://photos.google.com/share/AF1QipNwu1KEAQX-fJ_ma6C1TQ3T-MPdYb7eTx1wV00haRe585P7y25_vSDFruIsMhFpHA/photo/AF1QipP1C-Nyh5dcc-SixC79bgPHP8HprD9sjOkQEMaz?key=cWhvRnlpQXdoaG52aTFwTjQ5LUNGMFBTeGk3Z2Zn	D.K. Harrell @ Jammin' Java 8/19/25
Sep 24, 2025, 11:23:17 AM	https://photos.google.com/share/AF1QipNwu1KEAQX-fJ_ma6C1TQ3T-MPdYb7eTx1wV00haRe585P7y25_vSDFruIsMhFpHA/photo/AF1QipOmz1ZydM94Y6xIbAsDAnOSP6PXowzhN7nGe5IU?key=cWhvRnlpQXdoaG52aTFwTjQ5LUNGMFBTeGk3Z2Zn	Dave Barnes of Bywater Call @ Pearl Street Warehouse 9/24/25
Sep 24, 2025, 11:23:17 AM	https://photos.google.com/share/AF1QipNwu1KEAQX-fJ_ma6C1TQ3T-MPdYb7eTx1wV00haRe585P7y25_vSDFruIsMhFpHA/photo/AF1QipPBm1T2ZQTvChWl5GBk5bk_zsU-a-HSaPKD-J-x?key=cWhvRnlpQXdoaG52aTFwTjQ5LUNGMFBTeGk3Z2Zn	Meghan Parnell of Bywater Call @ Pearl Street Warehouse 9/24/25
Oct 11, 2025, 1:13:05 AM	https://photos.google.com/share/AF1QipNwu1KEAQX-fJ_ma6C1TQ3T-MPdYb7eTx1wV00haRe585P7y25_vSDFruIsMhFpHA/photo/AF1QipNIPwuZl2fAvQIJHjhP7dq8-IJyByX8opYBLDcj?key=cWhvRnlpQXdoaG52aTFwTjQ5LUNGMFBTeGk3Z2Zn	Judith Hill (again) @ Hamilton Live 10/8/25
Oct 17, 2025, 9:26:26 PM	https://photos.google.com/share/AF1QipNwu1KEAQX-fJ_ma6C1TQ3T-MPdYb7eTx1wV00haRe585P7y25_vSDFruIsMhFpHA/photo/AF1QipPoR-BF4vFi7bK8pHXy8973MgsVjHZNj-b9EzKg?key=cWhvRnlpQXdoaG52aTFwTjQ5LUNGMFBTeGk3Z2Zn	Jackie Venson (again) @ Hamilton Live 10/15/25
Nov 5, 2025, 3:45:42 AM	https://photos.google.com/share/AF1QipNwu1KEAQX-fJ_ma6C1TQ3T-MPdYb7eTx1wV00haRe585P7y25_vSDFruIsMhFpHA/photo/AF1QipMLDbfirRLvWGnfAHJV9jlOj0FeAuaGluqCRB4C?key=cWhvRnlpQXdoaG52aTFwTjQ5LUNGMFBTeGk3Z2Zn	the incomparable Jon Batiste @ The Anthem 10/31/25
Nov 9, 2025, 10:55:04 PM	https://photos.google.com/share/AF1QipNwu1KEAQX-fJ_ma6C1TQ3T-MPdYb7eTx1wV00haRe585P7y25_vSDFruIsMhFpHA/photo/AF1QipNpPdlsTkjchUlAXweBaRWsPP-KgdPiOGZJuAAF?key=cWhvRnlpQXdoaG52aTFwTjQ5LUNGMFBTeGk3Z2Zn	Stageside with Luther Dickinson of North Mississippi All-Stars. Joey Williams in the background @ The Barns at Wolf Trap 11/8/25
Nov 15, 2025, 12:20:22 AM	https://photos.google.com/share/AF1QipNwu1KEAQX-fJ_ma6C1TQ3T-MPdYb7eTx1wV00haRe585P7y25_vSDFruIsMhFpHA/photo/AF1QipNJJEsskMiktUSqkJQGGGAhAw9aBLkaepim5Xng?key=cWhvRnlpQXdoaG52aTFwTjQ5LUNGMFBTeGk3Z2Zn	The Lone Bellow (again) @ Union Stage DC 11/14/25
Feb 20, 2026, 2:43:16 AM	https://photos.google.com/share/AF1QipNwu1KEAQX-fJ_ma6C1TQ3T-MPdYb7eTx1wV00haRe585P7y25_vSDFruIsMhFpHA/photo/AF1QipMdYUYotEb2HRWudzfqTwrM_ONnc5n50E41n2Qo?key=cWhvRnlpQXdoaG52aTFwTjQ5LUNGMFBTeGk3Z2Zn	Mohini Dey @ Birchmere 2/19/26
Feb 22, 2026, 3:37:18 AM	https://photos.google.com/share/AF1QipNwu1KEAQX-fJ_ma6C1TQ3T-MPdYb7eTx1wV00haRe585P7y25_vSDFruIsMhFpHA/photo/AF1QipPGHyM3bJucxu2ninCAvKnlOIjE5ctHT6RqQgan?key=cWhvRnlpQXdoaG52aTFwTjQ5LUNGMFBTeGk3Z2Zn	Matteo Mancuso @ Hamilton Live 2/21/26
Feb 27, 2026, 5:34:08 PM	https://photos.google.com/share/AF1QipNwu1KEAQX-fJ_ma6C1TQ3T-MPdYb7eTx1wV00haRe585P7y25_vSDFruIsMhFpHA/photo/AF1QipNmNG-4Njpyepxhh92wwYfMiI9KKvaEameWgzxC?key=cWhvRnlpQXdoaG52aTFwTjQ5LUNGMFBTeGk3Z2Zn	Billy Gibbons and the BFGs (Chris Layton, Mike Flanigin) @ Birchmere 2/23/26
Mar 8, 2026, 2:02:18 AM	https://photos.google.com/share/AF1QipNwu1KEAQX-fJ_ma6C1TQ3T-MPdYb7eTx1wV00haRe585P7y25_vSDFruIsMhFpHA/photo/AF1QipOio_dAUeh915f7lkTME7sOe5eLnNp7WmlxPCbY?key=cWhvRnlpQXdoaG52aTFwTjQ5LUNGMFBTeGk3Z2Zn	Albert Castiglia (again) @ Rams Head 3/7/26. expert photo by Lary Chinowsky
Mar 16, 2026, 12:34:25 AM	https://photos.google.com/share/AF1QipNwu1KEAQX-fJ_ma6C1TQ3T-MPdYb7eTx1wV00haRe585P7y25_vSDFruIsMhFpHA/photo/AF1QipNoeU1kedn90tmktx6Ds7_QyBosXNVd7jIYqFrr?key=cWhvRnlpQXdoaG52aTFwTjQ5LUNGMFBTeGk3Z2Zn	Sue Foley (again) @ Hamilton Live 3/11/26  | One Guitar Woman tour for Women's History Month
Mar 21, 2026, 2:57:17 PM	https://photos.google.com/share/AF1QipNwu1KEAQX-fJ_ma6C1TQ3T-MPdYb7eTx1wV00haRe585P7y25_vSDFruIsMhFpHA/photo/AF1QipOtrte7inCSux4IimPmmnQFr_aQjYEZmh1h3CYa?key=cWhvRnlpQXdoaG52aTFwTjQ5LUNGMFBTeGk3Z2Zn	Danielle Nicole (again) and Brandon Miller (again) @ Hamilton Live 3/20/26
Mar 21, 2026, 10:20:52 PM	https://photos.google.com/share/AF1QipNwu1KEAQX-fJ_ma6C1TQ3T-MPdYb7eTx1wV00haRe585P7y25_vSDFruIsMhFpHA/photo/AF1QipMry9xrJJswLfoqueYuWwF_5V4lLdbtcSMMxxb6?key=cWhvRnlpQXdoaG52aTFwTjQ5LUNGMFBTeGk3Z2Zn	ZZ Ward (again) @ Birchmere 3/21/26
Mar 29, 2026, 6:42:03 PM	https://photos.google.com/share/AF1QipNwu1KEAQX-fJ_ma6C1TQ3T-MPdYb7eTx1wV00haRe585P7y25_vSDFruIsMhFpHA/photo/AF1QipNOMXDgtSn3RohK0dpzHRQ48Tjwdn6sVPrwPJTy?key=cWhvRnlpQXdoaG52aTFwTjQ5LUNGMFBTeGk3Z2Zn	Joanne Shaw Taylor & Shane Saunders @ Ram's Head 3/28/26 (photobomb, JST doesn't stick around for fan photos)
ar 29, 2026, Sun 8:51 PM	https://photos.google.com/share/AF1QipNwu1KEAQX-fJ_ma6C1TQ3T-MPdYb7eTx1wV00haRe585P7y25_vSDFruIsMhFpHA/photo/AF1QipN8EZU803eHqZBNwFkvYlSGAqDGOgUgdYq0GMFN?key=cWhvRnlpQXdoaG52aTFwTjQ5LUNGMFBTeGk3Z2Zn	Selwyn Birchwood (again) @ Collective Encore 2026-03-29
Apr 11, 2026, Sat 9:46 PM	https://photos.google.com/share/AF1QipNwu1KEAQX-fJ_ma6C1TQ3T-MPdYb7eTx1wV00haRe585P7y25_vSDFruIsMhFpHA/photo/AF1QipPo3JvhfhOuYwLhI5JQz_BA5I9MTw2fjBlnDlXH?key=cWhvRnlpQXdoaG52aTFwTjQ5LUNGMFBTeGk3Z2Zn	Jake Xerxes Fussell (again) @ Union Stage 4/11/26
Apr 12, 2026, Sun 8:45 PM	https://photos.google.com/share/AF1QipNwu1KEAQX-fJ_ma6C1TQ3T-MPdYb7eTx1wV00haRe585P7y25_vSDFruIsMhFpHA/photo/AF1QipOXCDUEvViNlpnBuXjcU0pTUkJ_yuVdAH2Df6fm?key=cWhvRnlpQXdoaG52aTFwTjQ5LUNGMFBTeGk3Z2Zn	Margaret Glaspy @ 9:30 Club 4/12/26 supporting Glen Hansard
Apr 19, 2026, Sun 9:59 PM	https://photos.google.com/share/AF1QipNwu1KEAQX-fJ_ma6C1TQ3T-MPdYb7eTx1wV00haRe585P7y25_vSDFruIsMhFpHA/photo/AF1QipOECpqkD6ZxJe6eufkNz-gJhazXS8C1Gn1-jCkn?key=cWhvRnlpQXdoaG52aTFwTjQ5LUNGMFBTeGk3Z2Zn	Tommy Castro @ Rams Head 4/19/26 - he looked at my T-Shirt and said "You've got good taste. I love those kids" (he's 71)
Apr 20, 2026, Mon 9:36 PM	https://photos.google.com/share/AF1QipNwu1KEAQX-fJ_ma6C1TQ3T-MPdYb7eTx1wV00haRe585P7y25_vSDFruIsMhFpHA/photo/AF1QipN7nxacNNJJAVfz3JrZLOGY2YlWr-4IYa2RjDMM?key=cWhvRnlpQXdoaG52aTFwTjQ5LUNGMFBTeGk3Z2Zn	Ally Venable (again) @ Rams Head 4/20/26
