Artist	Album URL
Albert Castiglia	https://photos.app.goo.gl/N21oFyWRr35siNXH6
Albert Cummings	https://photos.app.goo.gl/xvqagPwaAU4SRMfP9
Ally Venable Band	https://photos.app.goo.gl/af82c25ge8yGzRpq5
Ana Popović	https://photos.app.goo.gl/75XbMMePRBdGLxps6
Brandon Miller	https://photos.app.goo.gl/rjNNn9n1dsqUdaW37
Danielle Nicole	https://photos.app.goo.gl/rjNNn9n1dsqUdaW37
Eric Gales	https://photos.app.goo.gl/HVSKTMjvYdHUaLmX8
Eric Johanson	https://photos.app.goo.gl/9vWMYEFdfpy2ZReF7
Jackie Venson	https://photos.app.goo.gl/nMcXwzptW1gwQGWS6
Jake Xerxes Fussell	https://photos.app.goo.gl/PP6uBhLz5M1icA5JA
Judith Hill	https://photos.app.goo.gl/RmectddKfEr5DvMz8
Larkin Poe	https://photos.app.goo.gl/xNTjwCPXQgVtYGkBA
The Lone Bellow	https://photos.app.goo.gl/5Sqo2pGEbxmmeBfZ8
Mike Zito	https://photos.app.goo.gl/Jg1bjoF33g4fmgR17
Selwyn Birchwood	https://photos.app.goo.gl/h1kWiMt3cfXMdC9r6
Sonny Landreth	https://photos.app.goo.gl/q4Sdq3K8gDWPZud47
Sue Foley	https://photos.app.goo.gl/AD2NYmhu3JdJC19j9
Valerie June	https://photos.app.goo.gl/yU6s6GdFu1SC5FWU7
Vanessa Collier	https://photos.app.goo.gl/ScdApyWHRcS6gugk6
ZZ Ward	https://photos.app.goo.gl/QJFx8gV7n16HdRiu6
