Date	Band Name	Description	URL
Jun 12 2026	Greensky Bluegrass	9:30 Club, Washington, DC, USA	https://www.setlist.fm/setlist/greensky-bluegrass/2026/930-club-washington-dc-53485345.html
Jun 11 2026	Orianthi	Rams Head On Stage, Annapolis, MD, USA	https://www.setlist.fm/setlist/orianthi/2026/rams-head-on-stage-annapolis-md-5b49034c.html
Jun 09 2026	I’m With Her	Songwriters Celebrate John Prine	https://www.setlist.fm/setlist/im-with-her/2026/wolf-trap-national-park-for-the-performing-arts-filene-center-vienna-va-437683df.html
Jun 09 2026	Margo Price	Songwriters Celebrate John Prine	https://www.setlist.fm/setlist/margo-price/2026/wolf-trap-national-park-for-the-performing-arts-filene-center-vienna-va-63768253.html
Jun 09 2026	Patty Griffin	Songwriters Celebrate John Prine	https://www.setlist.fm/setlist/patty-griffin/2026/wolf-trap-national-park-for-the-performing-arts-filene-center-vienna-va-6b768252.html
Jun 09 2026	Lucius	Songwriters Celebrate John Prine	https://www.setlist.fm/setlist/lucius/2026/wolf-trap-national-park-for-the-performing-arts-filene-center-vienna-va-73768251.html
Jun 09 2026	Allison Russell	Songwriters Celebrate John Prine	https://www.setlist.fm/setlist/allison-russell/2026/wolf-trap-national-park-for-the-performing-arts-filene-center-vienna-va-7b768250.html
Jun 09 2026	Hayes Carll	Songwriters Celebrate John Prine	https://www.setlist.fm/setlist/hayes-carll/2026/wolf-trap-national-park-for-the-performing-arts-filene-center-vienna-va-6b768256.html
Jun 09 2026	Jobi Riccio	Songwriters Celebrate John Prine	https://www.setlist.fm/setlist/jobi-riccio/2026/wolf-trap-national-park-for-the-performing-arts-filene-center-vienna-va-7b768254.html
Jun 09 2026	Fancy Hagood	Songwriters Celebrate John Prine	https://www.setlist.fm/setlist/fancy-hagood/2026/wolf-trap-national-park-for-the-performing-arts-filene-center-vienna-va-6376824b.html
Jun 09 2026	Tommy Prine	Songwriters Celebrate John Prine	https://www.setlist.fm/setlist/tommy-prine/2026/wolf-trap-national-park-for-the-performing-arts-filene-center-vienna-va-6b76824a.html
Jun 09 2026	Emmylou Harris	Songwriters Celebrate John Prine	https://www.setlist.fm/setlist/emmylou-harris/2026/wolf-trap-national-park-for-the-performing-arts-filene-center-vienna-va-5376fb11.html
Jun 06 2026	Gary Clark Jr.	Wolf Trap National Park for the Performing Arts (Filene Center), Vienna, VA, USA	https://www.setlist.fm/setlist/gary-clark-jr/2026/wolf-trap-national-park-for-the-performing-arts-filene-center-vienna-va-2348c4a7.html
Jun 06 2026	Christone “Kingfish” Ingram	Wolf Trap National Park for the Performing Arts (Filene Center), Vienna, VA, USA	https://www.setlist.fm/setlist/christone-kingfish-ingram/2026/wolf-trap-national-park-for-the-performing-arts-filene-center-vienna-va-3348c4a5.html
Jun 04 2026	Jackie Venson	New Spire Arts, Frederick, MD, USA	https://www.setlist.fm/setlist/jackie-venson/2026/new-spire-arts-frederick-md-737526b1.html
May 31 2026	Lyle Lovett	The Birchmere, Alexandria, VA, USA	https://www.setlist.fm/setlist/lyle-lovett/2026/the-birchmere-alexandria-va-7375deb1.html
May 30 2026	SATCHVAI BAND	Wolf Trap National Park for the Performing Arts (Filene Center), Vienna, VA, USA	https://www.setlist.fm/setlist/satchvai-band/2026/wolf-trap-national-park-for-the-performing-arts-filene-center-vienna-va-5b4c634c.html
May 30 2026	Animals as Leaders	Wolf Trap National Park for the Performing Arts (Filene Center), Vienna, VA, USA	https://www.setlist.fm/setlist/animals-as-leaders/2026/wolf-trap-national-park-for-the-performing-arts-filene-center-vienna-va-5b4c6340.html
May 17 2026	Gabe Stillman	JV's Live Music Room, Falls Church, VA, USA	https://www.setlist.fm/setlist/gabe-stillman/2026/jvs-live-music-room-falls-church-va-4377b387.html
May 14 2026	The Lone Bellow	The Birchmere, Alexandria, VA, USA	https://www.setlist.fm/setlist/the-lone-bellow/2026/the-birchmere-alexandria-va-374c17b.html
May 09 2026	Vanessa Collier	The Collective Encore, Columbia, MD, USA	https://www.setlist.fm/setlist/vanessa-collier/2026/the-collective-encore-columbia-md-7377c2bd.html
Apr 20 2026	Ally Venable Band	Rams Head On Stage, Annapolis, MD, USA	https://www.setlist.fm/setlist/ally-venable-band/2026/rams-head-on-stage-annapolis-md-1b4bf1c0.html
Apr 19 2026	Tommy Castro & the Painkillers	Rams Head On Stage, Annapolis, MD, USA	https://www.setlist.fm/setlist/tommy-castro-and-the-painkillers/2026/rams-head-on-stage-annapolis-md-13779d2d.html
Apr 18 2026	New York's Finest	The State Theatre, Falls Church, VA, USA	https://www.setlist.fm/setlist/new-yorks-finest/2026/the-state-theatre-falls-church-va-377a95f.html
Apr 12 2026	Glen Hansard	9:30 Club, Washington, DC, USA	https://www.setlist.fm/setlist/glen-hansard/2026/930-club-washington-dc-b49b1c6.html
Apr 12 2026	Margaret Glaspy	9:30 Club, Washington, DC, USA	https://www.setlist.fm/setlist/margaret-glaspy/2026/930-club-washington-dc-73498e11.html
Apr 11 2026	Sam Amidon	Union Stage, Washington, DC, USA	https://www.setlist.fm/setlist/sam-amidon/2026/union-stage-washington-dc-1b760924.html
Apr 11 2026	Jake Xerxes Fussell	Union Stage, Washington, DC, USA	https://www.setlist.fm/setlist/jake-xerxes-fussell/2026/union-stage-washington-dc-13760919.html
Mar 29 2026	Selwyn Birchwood	The Collective Encore, Columbia, MD, USA	https://www.setlist.fm/setlist/selwyn-birchwood/2026/the-collective-encore-columbia-md-5376b7d9.html
Mar 28 2026	Joanne Shaw Taylor	Rams Head On Stage, Annapolis, MD, USA	https://www.setlist.fm/setlist/joanne-shaw-taylor/2026/rams-head-on-stage-annapolis-md-4b4f67b6.html
Mar 21 2026	ZZ Ward	The Birchmere, Alexandria, VA, USA	https://www.setlist.fm/setlist/zz-ward/2026/the-birchmere-alexandria-va-13492945.html
Mar 21 2026	Jesse Williams Band	The Birchmere, Alexandria, VA, USA	https://www.setlist.fm/setlist/jesse-williams-band/2026/the-birchmere-alexandria-va-376554f.html
Mar 20 2026	Danielle Nicole	The Hamilton Live, Washington, DC, USA	https://www.setlist.fm/setlist/danielle-nicole/2026/the-hamilton-live-washington-dc-33492cc1.html
Mar 20 2026	Brody Buster	The Hamilton Live, Washington, DC, USA	https://www.setlist.fm/setlist/brody-buster/2026/the-hamilton-live-washington-dc-5b492f4c.html
Mar 18 2026	Taj Farrant	Rams Head On Stage, Annapolis, MD, USA	https://www.setlist.fm/setlist/taj-farrant/2026/rams-head-on-stage-annapolis-md-5b49e780.html
Mar 11 2026	Sue Foley	The Hamilton Live, Washington, DC, USA	https://www.setlist.fm/setlist/sue-foley/2026/the-hamilton-live-washington-dc-2b49a0ba.html
Mar 11 2026	Scott Tournet	The Hamilton Live, Washington, DC, USA	https://www.setlist.fm/setlist/scott-tournet/2026/the-hamilton-live-washington-dc-3b49a0bc.html
Mar 07 2026	Albert Castiglia	Rams Head On Stage, Annapolis, MD, USA	https://www.setlist.fm/setlist/albert-castiglia/2026/rams-head-on-stage-annapolis-md-b4865a2.html
Feb 23 2026	Billy Gibbons and The BFG’s	The Birchmere, Alexandria, VA, USA	https://www.setlist.fm/setlist/billy-gibbons-and-the-bfgs/2026/the-birchmere-alexandria-va-1b4f3574.html
Feb 21 2026	Matteo Mancuso	The Hamilton Live, Washington, DC, USA	https://www.setlist.fm/setlist/matteo-mancuso/2026/the-hamilton-live-washington-dc-6b4bdaa2.html
Feb 19 2026	Mohini Dey	The Birchmere, Alexandria, VA, USA	https://www.setlist.fm/setlist/mohini-dey/2026/the-birchmere-alexandria-va-434b4777.html
Feb 14 2026	Vanessa Collier	Rams Head On Stage, Annapolis, MD, USA	https://www.setlist.fm/setlist/vanessa-collier/2026/rams-head-on-stage-annapolis-md-734bdaad.html
Jan 31 2026	Kingsley Flood	Jammin Java, Vienna, VA, USA	https://www.setlist.fm/setlist/kingsley-flood/2026/jammin-java-vienna-va-2b4bacba.html
Jan 31 2026	Hannah Honeycutt	Jammin Java, Vienna, VA, USA	https://www.setlist.fm/setlist/hannah-honeycutt/2026/jammin-java-vienna-va-3b48c410.html
Jan 11 2026	Ana Popović	Rams Head On Stage, Annapolis, MD, USA	https://www.setlist.fm/setlist/ana-popovi/2026/rams-head-on-stage-annapolis-md-434f67bf.html
Dec 20 2025	Maggie Rose	Bethesda Theater, Bethesda, MD, USA	https://www.setlist.fm/setlist/maggie-rose/2025/bethesda-theater-bethesda-md-434cd30f.html
Dec 20 2025	The Hip Snacks	Bethesda Theater, Bethesda, MD, USA	https://www.setlist.fm/setlist/the-hip-snacks/2025/bethesda-theater-bethesda-md-2b4df8f6.html
Dec 04 2025	The Wood Brothers	9:30 Club, Washington, DC, USA	https://www.setlist.fm/setlist/the-wood-brothers/2025/930-club-washington-dc-5345e3a5.html
Dec 04 2025	The Wildmans	9:30 Club, Washington, DC, USA	https://www.setlist.fm/setlist/the-wildmans/2025/930-club-washington-dc-734c1a5d.html
Nov 21 2025	Keb’ Mo’	Maryland Hall for the Creative Arts, Annapolis, MD, USA	https://www.setlist.fm/setlist/keb-mo/2025/maryland-hall-for-the-creative-arts-annapolis-md-341758b.html
Nov 21 2025	Anthony D’Amato	Maryland Hall for the Creative Arts, Annapolis, MD, USA	https://www.setlist.fm/setlist/anthony-damato/2025/maryland-hall-for-the-creative-arts-annapolis-md-734cb69d.html
Nov 17 2025	Sparkbird	Richmond Music Hall at Capital Ale House, Richmond, VA, USA	https://www.setlist.fm/setlist/sparkbird/2025/richmond-music-hall-at-capital-ale-house-richmond-va-3b4f708c.html
Nov 17 2025	Sushi Soucy	Richmond Music Hall at Capital Ale House, Richmond, VA, USA	https://www.setlist.fm/setlist/sushi-soucy/2025/richmond-music-hall-at-capital-ale-house-richmond-va-2b4f7082.html
Nov 17 2025	Spartan Jet-Plex	Richmond Music Hall at Capital Ale House, Richmond, VA, USA	https://www.setlist.fm/setlist/spartan-jet-plex/2025/richmond-music-hall-at-capital-ale-house-richmond-va-234f64ab.html
Nov 14 2025	The Lone Bellow	Union Stage, Washington, DC, USA	https://www.setlist.fm/setlist/the-lone-bellow/2025/union-stage-washington-dc-13417595.html
Nov 14 2025	Nicole Atkins	Union Stage, Washington, DC, USA	https://www.setlist.fm/setlist/nicole-atkins/2025/union-stage-washington-dc-34f01c7.html
Nov 08 2025	North Mississippi Allstars	Wolf Trap Farm Park (The Barns), Vienna, VA, USA	https://www.setlist.fm/setlist/north-mississippi-allstars/2025/wolf-trap-farm-park-the-barns-vienna-va-342d9e3.html
Oct 31 2025	Jon Batiste	The Anthem, Washington, DC, USA	https://www.setlist.fm/setlist/jon-batiste/2025/the-anthem-washington-dc-1b40e9ac.html
Oct 31 2025	Diana Silvers	The Anthem, Washington, DC, USA	https://www.setlist.fm/setlist/diana-silvers/2025/the-anthem-washington-dc-334fa841.html
Oct 26 2025	Ruthie Foster	The Hamilton Live, Washington, DC, USA	https://www.setlist.fm/setlist/ruthie-foster/2025/the-hamilton-live-washington-dc-1340e9ad.html
Oct 26 2025	Cole Larravide	The Hamilton Live, Washington, DC, USA	https://www.setlist.fm/setlist/cole-larravide/2025/the-hamilton-live-washington-dc-534e6bd1.html
Oct 21 2025	Tommy Emmanuel	Lincoln Theatre, Washington, DC, USA	https://www.setlist.fm/setlist/tommy-emmanuel/2025/lincoln-theatre-washington-dc-4b47af2a.html
Oct 17 2025	New York's Finest	The State Theatre, Falls Church, VA, USA	https://www.setlist.fm/setlist/new-yorks-finest/2025/the-state-theatre-falls-church-va-1b417590.html
Oct 15 2025	Jackie Venson	The Hamilton Live, Washington, DC, USA	https://www.setlist.fm/setlist/jackie-venson/2025/the-hamilton-live-washington-dc-340e9af.html
Oct 15 2025	J & The Causeways	The Hamilton Live, Washington, DC, USA	https://www.setlist.fm/setlist/j-and-the-causeways/2025/the-hamilton-live-washington-dc-434eff73.html
Oct 08 2025	Judith Hill	The Hamilton Live, Washington, DC, USA	https://www.setlist.fm/setlist/judith-hill/2025/the-hamilton-live-washington-dc-b417592.html
Sep 24 2025	Christone “Kingfish” Ingram	Baltimore Soundstage, Baltimore, MD, USA	https://www.setlist.fm/setlist/christone-kingfish-ingram/2025/baltimore-soundstage-baltimore-md-4b47af36.html
Sep 24 2025	Dylan Triplett	Baltimore Soundstage, Baltimore, MD, USA	https://www.setlist.fm/setlist/dylan-triplett/2025/baltimore-soundstage-baltimore-md-3b41d8cc.html
Sep 23 2025	Bywater Call	Pearl Street Warehouse, Washington, DC, USA	https://www.setlist.fm/setlist/bywater-call/2025/pearl-street-warehouse-washington-dc-6b434606.html
Sep 19 2025	Alabama Shakes	The Anthem, Washington, DC, USA	https://www.setlist.fm/setlist/alabama-shakes/2025/the-anthem-washington-dc-135a05d5.html
Sep 19 2025	The Budos Band	The Anthem, Washington, DC, USA	https://www.setlist.fm/setlist/the-budos-band/2025/the-anthem-washington-dc-235a7843.html
Sep 16 2025	Hozier	Jiffy Lube Live, Bristow, VA, USA	https://www.setlist.fm/setlist/hozier/2025/jiffy-lube-live-bristow-va-b5ac182.html
Sep 16 2025	Gigi Perez	Jiffy Lube Live, Bristow, VA, USA	https://www.setlist.fm/setlist/gigi-perez/2025/jiffy-lube-live-bristow-va-1b41b964.html
Aug 28 2025	Robert Randolph	The Atlantis, Washington, DC, USA	https://www.setlist.fm/setlist/robert-randolph/2025/the-atlantis-washington-dc-b437d1e.html
Aug 28 2025	Blessing Offor	The Atlantis, Washington, DC, USA	https://www.setlist.fm/setlist/blessing-offor/2025/the-atlantis-washington-dc-7b408224.html
Aug 19 2025	D.K. Harrell	Jammin Java, Vienna, VA, USA	https://www.setlist.fm/setlist/dk-harrell/2025/jammin-java-vienna-va-5b4303c0.html
Aug 10 2025	AJR	Merriweather Post Pavilion, Columbia, MD, USA	https://www.setlist.fm/setlist/ajr/2025/merriweather-post-pavilion-columbia-md-1b58f994.html
Aug 10 2025	Cavetown	Merriweather Post Pavilion, Columbia, MD, USA	https://www.setlist.fm/setlist/cavetown/2025/merriweather-post-pavilion-columbia-md-2b58f876.html
Aug 10 2025	Chelsea Cutler	Merriweather Post Pavilion, Columbia, MD, USA	https://www.setlist.fm/setlist/chelsea-cutler/2025/merriweather-post-pavilion-columbia-md-2358f857.html
Aug 10 2025	Valley	Merriweather Post Pavilion, Columbia, MD, USA	https://www.setlist.fm/setlist/valley/2025/merriweather-post-pavilion-columbia-md-2358f82b.html
Aug 10 2025	Benjamin Steer	Merriweather Post Pavilion, Columbia, MD, USA	https://www.setlist.fm/setlist/benjamin-steer/2025/merriweather-post-pavilion-columbia-md-7358fa79.html
Aug 03 2025	Eric Johanson	Jammin Java, Vienna, VA, USA	https://www.setlist.fm/setlist/eric-johanson/2025/jammin-java-vienna-va-63471ac7.html
Jul 24 2025	Trombone Shorty & Orleans Avenue	Wolf Trap National Park for the Performing Arts (Filene Center), Vienna, VA, USA	https://www.setlist.fm/setlist/trombone-shorty-and-orleans-avenue/2025/wolf-trap-national-park-for-the-performing-arts-filene-center-vienna-va-4b47af3e.html
Jul 24 2025	Dumpstaphunk	Wolf Trap National Park for the Performing Arts (Filene Center), Vienna, VA, USA	https://www.setlist.fm/setlist/dumpstaphunk/2025/wolf-trap-national-park-for-the-performing-arts-filene-center-vienna-va-63422a33.html
Jul 24 2025	JJ Grey & Mofro	Wolf Trap National Park for the Performing Arts (Filene Center), Vienna, VA, USA	https://www.setlist.fm/setlist/jj-grey-and-mofro/2025/wolf-trap-national-park-for-the-performing-arts-filene-center-vienna-va-6b422a36.html
Jul 21 2025	Amythyst Kiah	Jammin Java, Vienna, VA, USA	https://www.setlist.fm/setlist/amythyst-kiah/2025/jammin-java-vienna-va-5b47af30.html
Jul 21 2025	The Pinkerton Raid	Jammin Java, Vienna, VA, USA	https://www.setlist.fm/setlist/the-pinkerton-raid/2025/jammin-java-vienna-va-7b42d298.html
Jul 17 2025	Jax Hollow	Rams Head On Stage, Annapolis, MD, USA	https://www.setlist.fm/setlist/jax-hollow/2025/rams-head-on-stage-annapolis-md-b428186.html
Jul 16 2025	Barenaked Ladies	Wolf Trap National Park for the Performing Arts (Filene Center), Vienna, VA, USA	https://www.setlist.fm/setlist/barenaked-ladies/2025/wolf-trap-national-park-for-the-performing-arts-filene-center-vienna-va-3b5a007c.html
Jul 16 2025	Sugar Ray	Wolf Trap National Park for the Performing Arts (Filene Center), Vienna, VA, USA	https://www.setlist.fm/setlist/sugar-ray/2025/wolf-trap-national-park-for-the-performing-arts-filene-center-vienna-va-235a687f.html
Jul 16 2025	Fastball	Wolf Trap National Park for the Performing Arts (Filene Center), Vienna, VA, USA	https://www.setlist.fm/setlist/fastball/2025/wolf-trap-national-park-for-the-performing-arts-filene-center-vienna-va-2b5a687e.html
Jul 13 2025	J. P. Soars	JV's Live Music Room, Falls Church, VA, USA	https://www.setlist.fm/setlist/j-p-soars/2025/jvs-live-music-room-falls-church-va-2342bc33.html
Jul 11 2025	North Mississippi Allstars	Rams Head On Stage, Annapolis, MD, USA	https://www.setlist.fm/setlist/north-mississippi-allstars/2025/rams-head-on-stage-annapolis-md-3345580d.html
Jun 21 2025	Buddy Guy	Wolf Trap National Park for the Performing Arts (Filene Center), Vienna, VA, USA	https://www.setlist.fm/setlist/buddy-guy/2025/wolf-trap-national-park-for-the-performing-arts-filene-center-vienna-va-b5a69ae.html
Jun 21 2025	Judith Hill	Wolf Trap National Park for the Performing Arts (Filene Center), Vienna, VA, USA	https://www.setlist.fm/setlist/judith-hill/2025/wolf-trap-national-park-for-the-performing-arts-filene-center-vienna-va-2b5a68ba.html
Jun 21 2025	Christone “Kingfish” Ingram	Wolf Trap National Park for the Performing Arts (Filene Center), Vienna, VA, USA	https://www.setlist.fm/setlist/christone-kingfish-ingram/2025/wolf-trap-national-park-for-the-performing-arts-filene-center-vienna-va-235a68bf.html
Jun 19 2025	Eric Gales	Rams Head On Stage, Annapolis, MD, USA	https://www.setlist.fm/setlist/eric-gales/2025/rams-head-on-stage-annapolis-md-7b440278.html
Jun 15 2025	Sue Foley	Rams Head On Stage, Annapolis, MD, USA	https://www.setlist.fm/setlist/sue-foley/2025/rams-head-on-stage-annapolis-md-5b443bb4.html
Jun 13 2025	The Heavy Heavy	The Atlantis, Washington, DC, USA	https://www.setlist.fm/setlist/the-heavy-heavy/2025/the-atlantis-washington-dc-43467f47.html
Jun 13 2025	Judy Blank	The Atlantis, Washington, DC, USA	https://www.setlist.fm/setlist/judy-blank/2025/the-atlantis-washington-dc-5b4493f8.html
Jun 10 2025	Suzanne Vega	Lincoln Theatre, Washington, DC, USA	https://www.setlist.fm/setlist/suzanne-vega/2025/lincoln-theatre-washington-dc-5347af39.html
Jun 08 2025	TajMo: The Taj Mahal & Keb' Mo' Band	Wolf Trap National Park for the Performing Arts (Filene Center), Vienna, VA, USA	https://www.setlist.fm/setlist/tajmo-the-taj-mahal-and-keb-mo-band/2025/wolf-trap-national-park-for-the-performing-arts-filene-center-vienna-va-6b474e76.html
Jun 08 2025	Abraham Alexander	Wolf Trap Farm Park (Filene Center), Vienna, VA, USA	https://www.setlist.fm/setlist/abraham-alexander/2025/wolf-trap-farm-park-filene-center-vienna-va-1b44a1ac.html
Jun 07 2025	Selwyn Birchwood	Rams Head On Stage, Annapolis, MD, USA	https://www.setlist.fm/setlist/selwyn-birchwood/2025/rams-head-on-stage-annapolis-md-73474e69.html
May 14 2025	Ally Venable Band	Rams Head On Stage, Annapolis, MD, USA	https://www.setlist.fm/setlist/ally-venable-band/2025/rams-head-on-stage-annapolis-md-3b47a818.html
May 11 2025	The Devil Makes Three	9:30 Club, Washington, DC, USA	https://www.setlist.fm/setlist/the-devil-makes-three/2025/930-club-washington-dc-6b46dae6.html
May 11 2025	Bridge City Sinners	9:30 Club, Washington, DC, USA	https://www.setlist.fm/setlist/bridge-city-sinners/2025/930-club-washington-dc-7347aa15.html
May 09 2025	Larkin Poe	9:30 Club, Washington, DC, USA	https://www.setlist.fm/setlist/larkin-poe/2025/930-club-washington-dc-235c201f.html
May 09 2025	Amythyst Kiah	9:30 Club, Washington, DC, USA	https://www.setlist.fm/setlist/amythyst-kiah/2025/930-club-washington-dc-335a7cd1.html
May 03 2025	Allison Russell	Lincoln Theatre, Washington, DC, USA	https://www.setlist.fm/setlist/allison-russell/2025/lincoln-theatre-washington-dc-23590433.html
May 03 2025	Kara Jackson	Lincoln Theatre, Washington, DC, USA	https://www.setlist.fm/setlist/kara-jackson/2025/lincoln-theatre-washington-dc-7b46de34.html
May 02 2025	Danielle Nicole	Pearl Street Warehouse, Washington, DC, USA	https://www.setlist.fm/setlist/danielle-nicole/2025/pearl-street-warehouse-washington-dc-3b46e4bc.html
May 02 2025	Brandon Miller	Pearl Street Warehouse, Washington, DC, USA	https://www.setlist.fm/setlist/brandon-miller/2025/pearl-street-warehouse-washington-dc-73461a6d.html
Apr 24 2025	Muireann Bradley	Millennium Stage, Washington, DC, USA	https://www.setlist.fm/setlist/muireann-bradley/2025/millennium-stage-washington-dc-7b46fe18.html
Apr 18 2025	Valerie June	Rams Head On Stage, Annapolis, MD, USA	https://www.setlist.fm/setlist/valerie-june/2025/rams-head-on-stage-annapolis-md-53594fcd.html
Apr 18 2025	Jon Muq	Rams Head On Stage, Annapolis, MD, USA	https://www.setlist.fm/setlist/jon-muq/2025/rams-head-on-stage-annapolis-md-4b594fc2.html
Apr 11 2025	The War and Treaty	The Howard Theatre, Washington, DC, USA	https://www.setlist.fm/setlist/the-war-and-treaty/2025/the-howard-theatre-washington-dc-b59312e.html
Apr 11 2025	Chelsey Green	The Howard Theatre, Washington, DC, USA	https://www.setlist.fm/setlist/chelsey-green/2025/the-howard-theatre-washington-dc-235928e3.html
Apr 11 2025	Tiera Kennedy	The Howard Theatre, Washington, DC, USA	https://www.setlist.fm/setlist/tiera-kennedy/2025/the-howard-theatre-washington-dc-53592b61.html
Apr 09 2025	Cowboy Junkies	The Birchmere, Alexandria, VA, USA	https://www.setlist.fm/setlist/cowboy-junkies/2025/the-birchmere-alexandria-va-135a1dfd.html
Apr 05 2025	Experience Hendrix	Warner Theatre, Washington, DC, USA	https://www.setlist.fm/setlist/experience-hendrix/2025/warner-theatre-washington-dc-335c2031.html
Mar 21 2025	Southern Avenue	Rams Head On Stage, Annapolis, MD, USA	https://www.setlist.fm/setlist/southern-avenue/2025/rams-head-on-stage-annapolis-md-2b582c5e.html
Mar 19 2025	ZZ Ward	The Birchmere, Alexandria, VA, USA	https://www.setlist.fm/setlist/zz-ward/2025/the-birchmere-alexandria-va-6358e613.html
Mar 19 2025	Liam St. John	The Birchmere, Alexandria, VA, USA	https://www.setlist.fm/setlist/liam-st-john/2025/the-birchmere-alexandria-va-6b58c68a.html
Mar 13 2025	Daniel Donato	The Hamilton Live, Washington, DC, USA	https://www.setlist.fm/setlist/daniel-donato/2025/the-hamilton-live-washington-dc-335be805.html
Feb 27 2025	Kelli Baker Band	Hub City Vinyl, Hagerstown, MD, USA	https://www.setlist.fm/setlist/kelli-baker-band/2025/hub-city-vinyl-hagerstown-md-735b2e1d.html
Feb 27 2025	Mike Zito	Hub City Vinyl, Hagerstown, MD, USA	https://www.setlist.fm/setlist/mike-zito/2025/hub-city-vinyl-hagerstown-md-635b2e13.html
Feb 26 2025	Enter the Haggis	Wolf Trap Farm Park (The Barns), Vienna, VA, USA	https://www.setlist.fm/setlist/enter-the-haggis/2025/wolf-trap-farm-park-the-barns-vienna-va-435b3767.html
Feb 07 2025	Yasmin Williams	The Birchmere, Alexandria, VA, USA	https://www.setlist.fm/setlist/yasmin-williams/2025/the-birchmere-alexandria-va-235a287f.html
Feb 06 2025	Sue Foley	The Hamilton Live, Washington, DC, USA	https://www.setlist.fm/setlist/sue-foley/2025/the-hamilton-live-washington-dc-235ad41f.html
Jan 31 2025	Vanessa Collier	The Collective Encore, Columbia, MD, USA	https://www.setlist.fm/setlist/vanessa-collier/2025/the-collective-encore-columbia-md-35a8143.html
Jan 30 2025	Galactic	9:30 Club, Washington, DC, USA	https://www.setlist.fm/setlist/galactic/2025/930-club-washington-dc-435cbf4f.html
Jan 30 2025	Jah Works	9:30 Club, Washington, DC, USA	https://www.setlist.fm/setlist/jah-works/2025/930-club-washington-dc-5b5cbf4c.html
Jan 24 2025	New York's Finest	The Collective Encore, Columbia, MD, USA	https://www.setlist.fm/setlist/new-yorks-finest/2025/the-collective-encore-columbia-md-435d635b.html
Jan 22 2025	Langhorne Slim	The Birchmere, Alexandria, VA, USA	https://www.setlist.fm/setlist/langhorne-slim/2025/the-birchmere-alexandria-va-4b5d7f26.html
Jan 22 2025	Oliver Wood	The Birchmere, Alexandria, VA, USA	https://www.setlist.fm/setlist/oliver-wood/2025/the-birchmere-alexandria-va-535d7f25.html
Jan 10 2025	The Young Dubliners	Pearl Street Warehouse, Washington, DC, USA	https://www.setlist.fm/setlist/the-young-dubliners/2025/pearl-street-warehouse-washington-dc-35d89df.html
Jan 10 2025	La Unica	Pearl Street Warehouse, Washington, DC, USA	https://www.setlist.fm/setlist/la-unica/2025/pearl-street-warehouse-washington-dc-1b5d89d0.html
Dec 22 2024	Albert Castiglia	JV's Restaurant, Falls Church, VA, USA	https://www.setlist.fm/setlist/albert-castiglia/2024/jvs-restaurant-falls-church-va-535c87ad.html
Dec 17 2024	Tab Benoit	The Birchmere, Alexandria, VA, USA	https://www.setlist.fm/setlist/tab-benoit/2024/the-birchmere-alexandria-va-7b5f5af0.html
Dec 17 2024	Jesse Dayton	The Birchmere, Alexandria, VA, USA	https://www.setlist.fm/setlist/jesse-dayton/2024/the-birchmere-alexandria-va-6b5f5af6.html
Dec 07 2024	New York's Finest	The State Theatre, Falls Church, VA, USA	https://www.setlist.fm/setlist/new-yorks-finest/2024/the-state-theatre-falls-church-va-35f312f.html
Dec 05 2024	Oh He Dead	The Vault at Capital One Hall, Tysons Corner, VA, USA	https://www.setlist.fm/setlist/oh-he-dead/2024/the-vault-at-capital-one-hall-tysons-corner-va-635fcebf.html
Dec 05 2024	ViRG	The Vault at Capital One Hall, Tysons Corner, VA, USA	https://www.setlist.fm/setlist/virg/2024/the-vault-at-capital-one-hall-tysons-corner-va-135fc919.html
Nov 20 2024	Samantha Fish	Warner Theatre, Washington, DC, USA	https://www.setlist.fm/setlist/samantha-fish/2024/warner-theatre-washington-dc-1352395d.html
Nov 20 2024	Ghalia Volt	Warner Theatre, Washington, DC, USA	https://www.setlist.fm/setlist/ghalia-volt/2024/warner-theatre-washington-dc-7b521e68.html
Nov 20 2024	Canned Heat	Warner Theatre, Washington, DC, USA	https://www.setlist.fm/setlist/canned-heat/2024/warner-theatre-washington-dc-6b521e4e.html
Nov 16 2024	Lindsay Lou	The Music Center at Strathmore, North Bethesda, MD, USA	https://www.setlist.fm/setlist/lindsay-lou/2024/the-music-center-at-strathmore-north-bethesda-md-7b5eca64.html
Nov 16 2024	The Wood Brothers	The Music Center at Strathmore, North Bethesda, MD, USA	https://www.setlist.fm/setlist/the-wood-brothers/2024/the-music-center-at-strathmore-north-bethesda-md-535ec395.html
Nov 09 2024	Jake Blount	Millennium Stage, Washington, DC, USA	https://www.setlist.fm/setlist/jake-blount/2024/millennium-stage-washington-dc-135eb171.html
Nov 08 2024	Albert Cummings	The Collective Encore, Columbia, MD, USA	https://www.setlist.fm/setlist/albert-cummings/2024/the-collective-encore-columbia-md-235ebcf3.html
Oct 19 2024	Shemekia Copeland	Rams Head On Stage, Annapolis, MD, USA	https://www.setlist.fm/setlist/shemekia-copeland/2024/rams-head-on-stage-annapolis-md-3b503434.html
Oct 16 2024	Carly Harvey	The Hamilton Live, Washington, DC, USA	https://www.setlist.fm/setlist/carly-harvey/2024/the-hamilton-live-washington-dc-3b5004a4.html
Oct 16 2024	Ana Popović	The Hamilton Live, Washington, DC, USA	https://www.setlist.fm/setlist/ana-popovi/2024/the-hamilton-live-washington-dc-2b500482.html
Oct 13 2024	Jake Xerxes Fussell	Songbyrd Music House, Washington, DC, USA	https://www.setlist.fm/setlist/jake-xerxes-fussell/2024/songbyrd-music-house-washington-dc-6b50e2b6.html
Oct 13 2024	David Moore	Songbyrd Music House, Washington, DC, USA	https://www.setlist.fm/setlist/david-moore/2024/songbyrd-music-house-washington-dc-2b5034be.html
Oct 09 2024	Vanessa Collier	The Hamilton Live, Washington, DC, USA	https://www.setlist.fm/setlist/vanessa-collier/2024/the-hamilton-live-washington-dc-7b5096dc.html
Oct 09 2024	Sweet Leda	The Hamilton Live, Washington, DC, USA	https://www.setlist.fm/setlist/sweet-leda/2024/the-hamilton-live-washington-dc-635096d3.html
Oct 05 2024	Valerie June	Publick Playhouse, Landover, MD, USA	https://www.setlist.fm/setlist/valerie-june/2024/publick-playhouse-landover-md-5b50a358.html
Oct 03 2024	The Lone Bellow	The Birchmere, Alexandria, VA, USA	https://www.setlist.fm/setlist/the-lone-bellow/2024/the-birchmere-alexandria-va-3b50bc4c.html
Oct 03 2024	Taylor Ashton	The Birchmere, Alexandria, VA, USA	https://www.setlist.fm/setlist/taylor-ashton/2024/the-birchmere-alexandria-va-2350bc47.html
Sep 28 2024	Soul Coughing	9:30 Club, Washington, DC, USA	https://www.setlist.fm/setlist/soul-coughing/2024/930-club-washington-dc-1b5761fc.html
Sep 25 2024	Suzanne Vega	The Birchmere, Alexandria, VA, USA	https://www.setlist.fm/setlist/suzanne-vega/2024/the-birchmere-alexandria-va-33532419.html
Sep 19 2024	Brittney Spencer	Warner Theatre, Washington, DC, USA	https://www.setlist.fm/setlist/brittney-spencer/2024/warner-theatre-washington-dc-353f187.html
Sep 19 2024	Marcus King	Warner Theatre, Washington, DC, USA	https://www.setlist.fm/setlist/marcus-king/2024/warner-theatre-washington-dc-6b53ee4e.html
Sep 18 2024	Selwyn Birchwood	The Vault at Capital One Hall, Tysons Corner, VA, USA	https://www.setlist.fm/setlist/selwyn-birchwood/2024/the-vault-at-capital-one-hall-tysons-corner-va-353f59b.html
Sep 18 2024	Carly Harvey	The Vault at Capital One Hall, Tysons Corner, VA, USA	https://www.setlist.fm/setlist/carly-harvey/2024/the-vault-at-capital-one-hall-tysons-corner-va-1b53f598.html
Sep 12 2024	Shawn James	Black Cat (Mainstage), Washington, DC, USA	https://www.setlist.fm/setlist/shawn-james/2024/black-cat-mainstage-washington-dc-3b53a010.html
Sep 08 2024	Vanessa Collier	Rams Head On Stage, Annapolis, MD, USA	https://www.setlist.fm/setlist/vanessa-collier/2024/rams-head-on-stage-annapolis-md-3524d03.html
Sep 07 2024	Kingsley Flood	Pearl Street Warehouse, Washington, DC, USA	https://www.setlist.fm/setlist/kingsley-flood/2024/pearl-street-warehouse-washington-dc-5b525ffc.html
Sep 07 2024	The Beanstalk Library	Pearl Street Warehouse, Washington, DC, USA	https://www.setlist.fm/setlist/the-beanstalk-library/2024/pearl-street-warehouse-washington-dc-4b525fee.html
Sep 04 2024	Walter Trout	Rams Head On Stage, Annapolis, MD, USA	https://www.setlist.fm/setlist/walter-trout/2024/rams-head-on-stage-annapolis-md-13521d7d.html
Aug 23 2024	Sue Foley	The Hamilton Live, Washington, DC, USA	https://www.setlist.fm/setlist/sue-foley/2024/the-hamilton-live-washington-dc-b528dca.html
Aug 07 2024	Slash	Koka Booth Amphitheatre, Cary, NC, USA	https://www.setlist.fm/setlist/slash/2024/koka-booth-amphitheatre-cary-nc-23a92c9f.html
Aug 07 2024	Robert Randolph & The Family Band	Koka Booth Amphitheatre, Cary, NC, USA	https://www.setlist.fm/setlist/robert-randolph-and-the-family-band/2024/koka-booth-amphitheatre-cary-nc-b56e5da.html
Aug 07 2024	Larkin Poe	Koka Booth Amphitheatre, Cary, NC, USA	https://www.setlist.fm/setlist/larkin-poe/2024/koka-booth-amphitheatre-cary-nc-5b55e38c.html
Aug 07 2024	ZZ Ward	Koka Booth Amphitheatre, Cary, NC, USA	https://www.setlist.fm/setlist/zz-ward/2024/koka-booth-amphitheatre-cary-nc-7b55e268.html
Jul 20 2024	Pretenders	Warner Theatre, Washington, DC, USA	https://www.setlist.fm/setlist/pretenders/2024/warner-theatre-washington-dc-7b542eb4.html
Jul 18 2024	Mike Zito	The Birchmere, Alexandria, VA, USA	https://www.setlist.fm/setlist/mike-zito/2024/the-birchmere-alexandria-va-3543ddf.html
Jul 18 2024	Tab Benoit & Anders Osborne	The Birchmere, Alexandria, VA, USA	https://www.setlist.fm/setlist/tab-benoit-and-anders-osborne/2024/the-birchmere-alexandria-va-43541f3b.html
Jul 10 2024	Los Lobos	The Birchmere, Alexandria, VA, USA	https://www.setlist.fm/setlist/los-lobos/2024/the-birchmere-alexandria-va-3babd068.html
Jul 10 2024	Chad Hollister	The Birchmere, Alexandria, VA, USA	https://www.setlist.fm/setlist/chad-hollister/2024/the-birchmere-alexandria-va-354f57b.html
Jun 29 2024	Joan Jett & The Blackhearts	Merriweather Post Pavilion, Columbia, MD, USA	https://www.setlist.fm/setlist/joan-jett-and-the-blackhearts/2024/merriweather-post-pavilion-columbia-md-ba94d2e.html
Jun 29 2024	Alanis Morissette	Merriweather Post Pavilion, Columbia, MD, USA	https://www.setlist.fm/setlist/alanis-morissette/2024/merriweather-post-pavilion-columbia-md-1ba94d2c.html
Jun 29 2024	Morgan Wade	Merriweather Post Pavilion, Columbia, MD, USA	https://www.setlist.fm/setlist/morgan-wade/2024/merriweather-post-pavilion-columbia-md-1b5711c8.html
Jun 27 2024	Christone “Kingfish” Ingram	The Fillmore Silver Spring, Silver Spring, MD, USA	https://www.setlist.fm/setlist/christone-kingfish-ingram/2024/the-fillmore-silver-spring-silver-spring-md-b572dd6.html
Jun 27 2024	Mathias Lattin	The Fillmore Silver Spring, Silver Spring, MD, USA	https://www.setlist.fm/setlist/mathias-lattin/2024/the-fillmore-silver-spring-silver-spring-md-33572cbd.html
Jun 25 2024	Mikaela Davis	Pearl Street Warehouse, Washington, DC, USA	https://www.setlist.fm/setlist/mikaela-davis/2024/pearl-street-warehouse-washington-dc-3ba9541c.html
Jun 25 2024	Rich Ruth	Pearl Street Warehouse, Washington, DC, USA	https://www.setlist.fm/setlist/rich-ruth/2024/pearl-street-warehouse-washington-dc-23a95417.html
Jun 21 2024	Buffalo Nichols	Jammin Java, Vienna, VA, USA	https://www.setlist.fm/setlist/buffalo-nichols/2024/jammin-java-vienna-va-3357d005.html
Jun 16 2024	Shaw Davis & The Black Ties	Rams Head On Stage, Annapolis, MD, USA	https://www.setlist.fm/setlist/shaw-davis-and-the-black-ties/2024/rams-head-on-stage-annapolis-md-357a573.html
Jun 16 2024	Soul Miners Union	Rams Head On Stage, Annapolis, MD, USA	https://www.setlist.fm/setlist/soul-miners-union/2024/rams-head-on-stage-annapolis-md-7b57a2e0.html
Jun 15 2024	Trombone Shorty & Orleans Avenue	Wolf Trap National Park for the Performing Arts (Filene Center), Vienna, VA, USA	https://www.setlist.fm/setlist/trombone-shorty-and-orleans-avenue/2024/wolf-trap-national-park-for-the-performing-arts-filene-center-vienna-va-5357a3b9.html
Jun 15 2024	Danielle Ponder	Wolf Trap National Park for the Performing Arts (Filene Center), Vienna, VA, USA	https://www.setlist.fm/setlist/danielle-ponder/2024/wolf-trap-national-park-for-the-performing-arts-filene-center-vienna-va-1b5795a4.html
Jun 15 2024	Big Boi	Wolf Trap National Park for the Performing Arts (Filene Center), Vienna, VA, USA	https://www.setlist.fm/setlist/big-boi/2024/wolf-trap-national-park-for-the-performing-arts-filene-center-vienna-va-2b579472.html
Jun 14 2024	Pixies	Merriweather Post Pavilion, Columbia, MD, USA	https://www.setlist.fm/setlist/pixies/2024/merriweather-post-pavilion-columbia-md-53ab3f19.html
Jun 14 2024	Cat Power	Merriweather Post Pavilion, Columbia, MD, USA	https://www.setlist.fm/setlist/cat-power/2024/merriweather-post-pavilion-columbia-md-ba94d3e.html
Jun 14 2024	Modest Mouse	Merriweather Post Pavilion, Columbia, MD, USA	https://www.setlist.fm/setlist/modest-mouse/2024/merriweather-post-pavilion-columbia-md-13a94d35.html
Jun 10 2024	John Hiatt	The Birchmere, Alexandria, VA, USA	https://www.setlist.fm/setlist/john-hiatt/2024/the-birchmere-alexandria-va-3a82537.html
Jun 10 2024	Rebecca Porter	The Birchmere, Alexandria, VA, USA	https://www.setlist.fm/setlist/rebecca-porter/2024/the-birchmere-alexandria-va-3b57c868.html
Jun 09 2024	Gary Clark Jr.	Wolf Trap National Park for the Performing Arts (Filene Center), Vienna, VA, USA	https://www.setlist.fm/setlist/gary-clark-jr/2024/wolf-trap-national-park-for-the-performing-arts-filene-center-vienna-va-33ab0035.html
Jun 09 2024	Free Nationals	Wolf Trap National Park for the Performing Arts (Filene Center), Vienna, VA, USA	https://www.setlist.fm/setlist/free-nationals/2024/wolf-trap-national-park-for-the-performing-arts-filene-center-vienna-va-5b5677bc.html
Jun 06 2024	Jackie Venson	Color Burst Park, Columbia, MD, USA	https://www.setlist.fm/setlist/jackie-venson/2024/color-burst-park-columbia-md-23565c5f.html
Jun 01 2024	Bonnie Raitt	Warner Theatre, Washington, DC, USA	https://www.setlist.fm/setlist/bonnie-raitt/2024/warner-theatre-washington-dc-3b56d014.html
Jun 01 2024	The James Hunter Six	Warner Theatre, Washington, DC, USA	https://www.setlist.fm/setlist/the-james-hunter-six/2024/warner-theatre-washington-dc-2b56d00a.html
May 16 2024	Sonny Landreth	The Hamilton Live, Washington, DC, USA	https://www.setlist.fm/setlist/sonny-landreth/2024/the-hamilton-live-washington-dc-13a9614d.html
May 16 2024	The Iguanas	The Hamilton Live, Washington, DC, USA	https://www.setlist.fm/setlist/the-iguanas/2024/the-hamilton-live-washington-dc-1ba96134.html
May 15 2024	Oh He Dead	9:30 Club, Washington, DC, USA	https://www.setlist.fm/setlist/oh-he-dead/2024/930-club-washington-dc-23a90803.html
May 15 2024	The North Country	9:30 Club, Washington, DC, USA	https://www.setlist.fm/setlist/the-north-country/2024/930-club-washington-dc-3ba90800.html
Apr 26 2024	Joanne Shaw Taylor	Maryland Theatre, Hagerstown, MD, USA	https://www.setlist.fm/setlist/joanne-shaw-taylor/2024/maryland-theatre-hagerstown-md-53a87761.html
Apr 19 2024	Vanessa Collier	The Collective Encore, Columbia, MD, USA	https://www.setlist.fm/setlist/vanessa-collier/2024/the-collective-encore-columbia-md-13a8e909.html
Apr 13 2024	JJ Grey & Mofro	The Fillmore Silver Spring, Silver Spring, MD, USA	https://www.setlist.fm/setlist/jj-grey-and-mofro/2024/the-fillmore-silver-spring-silver-spring-md-4ba8af82.html
Apr 13 2024	Judith Hill	The Fillmore Silver Spring, Silver Spring, MD, USA	https://www.setlist.fm/setlist/judith-hill/2024/the-fillmore-silver-spring-silver-spring-md-43a8af87.html
Apr 12 2024	Danielle Nicole	The Hamilton Live, Washington, DC, USA	https://www.setlist.fm/setlist/danielle-nicole/2024/the-hamilton-live-washington-dc-73a8aa89.html
Apr 12 2024	Mallow Hill	The Hamilton Live, Washington, DC, USA	https://www.setlist.fm/setlist/mallow-hill/2024/the-hamilton-live-washington-dc-4ba88ffa.html
Apr 10 2024	Shovels & Rope	Rams Head On Stage, Annapolis, MD, USA	https://www.setlist.fm/setlist/shovels-and-rope/2024/rams-head-on-stage-annapolis-md-3a8bd97.html
Apr 10 2024	Al Olender	Rams Head On Stage, Annapolis, MD, USA	https://www.setlist.fm/setlist/al-olender/2024/rams-head-on-stage-annapolis-md-13a8bd8d.html
Mar 30 2024	New York's Finest	The Collective Encore, Columbia, MD, USA	https://www.setlist.fm/setlist/new-yorks-finest/2024/the-collective-encore-columbia-md-6bab2a96.html
Mar 21 2024	Jon Batiste	Warner Theatre, Washington, DC, USA	https://www.setlist.fm/setlist/jon-batiste/2024/warner-theatre-washington-dc-43aa7303.html
Mar 18 2024	Rhiannon Giddens	The Music Center at Strathmore, North Bethesda, MD, USA	https://www.setlist.fm/setlist/rhiannon-giddens/2024/the-music-center-at-strathmore-north-bethesda-md-33aa1425.html
Mar 18 2024	Charly Lowry	The Music Center at Strathmore, North Bethesda, MD, USA	https://www.setlist.fm/setlist/charly-lowry/2024/the-music-center-at-strathmore-north-bethesda-md-2baa141e.html
Mar 09 2024	Enter the Haggis	The Hamilton Live, Washington, DC, USA	https://www.setlist.fm/setlist/enter-the-haggis/2024/the-hamilton-live-washington-dc-2baaf002.html
Mar 02 2024	Trombone Shorty & Orleans Avenue	The Event Center at Hollywood Casino, Ranson, WV, USA	https://www.setlist.fm/setlist/trombone-shorty-and-orleans-avenue/2024/the-event-center-at-hollywood-casino-ranson-wv-1bad49ac.html
Mar 02 2024	The Soul Rebels	The Event Center at Hollywood Casino, Ranson, WV, USA	https://www.setlist.fm/setlist/the-soul-rebels/2024/the-event-center-at-hollywood-casino-ranson-wv-bad49a6.html
Feb 25 2024	Selwyn Birchwood	The Collective Encore, Columbia, MD, USA	https://www.setlist.fm/setlist/selwyn-birchwood/2024/the-collective-encore-columbia-md-6bad0afa.html
Feb 24 2024	Joe Bonamassa	The Theater at MGM National Harbor, National Harbor, MD, USA	https://www.setlist.fm/setlist/joe-bonamassa/2024/the-theater-at-mgm-national-harbor-national-harbor-md-1bad39a8.html
Feb 24 2024	Buffalo Nichols	Millennium Stage, Washington, DC, USA	https://www.setlist.fm/setlist/buffalo-nichols/2024/millennium-stage-washington-dc-33ad1499.html
Feb 21 2024	Brittany Howard	9:30 Club, Washington, DC, USA	https://www.setlist.fm/setlist/brittany-howard/2024/930-club-washington-dc-73addae1.html
Feb 21 2024	Becca Mancari	9:30 Club, Washington, DC, USA	https://www.setlist.fm/setlist/becca-mancari/2024/930-club-washington-dc-7baddae0.html
Feb 20 2024	Eric Gales	The Hamilton Live, Washington, DC, USA	https://www.setlist.fm/setlist/eric-gales/2024/the-hamilton-live-washington-dc-2bade40a.html
Feb 20 2024	Artur Menezes	The Hamilton Live, Washington, DC, USA	https://www.setlist.fm/setlist/artur-menezes/2024/the-hamilton-live-washington-dc-5bade360.html
Feb 17 2024	Stevie Nicks	CFG Bank Arena, Baltimore, MD, USA	https://www.setlist.fm/setlist/stevie-nicks/2024/cfg-bank-arena-baltimore-md-4bad8b46.html
Feb 17 2024	Jessie Baylin	CFG Bank Arena, Baltimore, MD, USA	https://www.setlist.fm/setlist/jessie-baylin/2024/cfg-bank-arena-baltimore-md-2badf882.html
Jan 20 2024	Kingsley Flood	Millennium Stage, Washington, DC, USA	https://www.setlist.fm/setlist/kingsley-flood/2024/millennium-stage-washington-dc-13acc5f1.html
Jan 13 2024	Jessie's Girl	The Fillmore Silver Spring, Silver Spring, MD, USA	https://www.setlist.fm/setlist/jessies-girl/2024/the-fillmore-silver-spring-silver-spring-md-3baf4454.html
Dec 15 2023	Sadurn	The Atlantis, Washington, DC, USA	https://www.setlist.fm/setlist/sadurn/2023/the-atlantis-washington-dc-5baf9b48.html
Dec 15 2023	Brassie	The Atlantis, Washington, DC, USA	https://www.setlist.fm/setlist/brassie/2023/the-atlantis-washington-dc-53af9b4d.html
Dec 15 2023	Glom	The Atlantis, Washington, DC, USA	https://www.setlist.fm/setlist/glom/2023/the-atlantis-washington-dc-53af9b45.html
Dec 10 2023	Allison Russell	The Birchmere, Alexandria, VA, USA	https://www.setlist.fm/setlist/allison-russell/2023/the-birchmere-alexandria-va-2bae08ca.html
Dec 05 2023	The Allman Betts Band	Capital One Hall, Tysons Corner, VA, USA	https://www.setlist.fm/setlist/the-allman-betts-band/2023/capital-one-hall-tysons-corner-va-13aed909.html
Dec 04 2023	Tab Benoit	The Birchmere, Alexandria, VA, USA	https://www.setlist.fm/setlist/tab-benoit/2023/the-birchmere-alexandria-va-3baee48c.html
Dec 03 2023	Samantha Fish & Jesse Dayton	The Fillmore Silver Spring, Silver Spring, MD, USA	https://www.setlist.fm/setlist/samantha-fish-and-jesse-dayton/2023/the-fillmore-silver-spring-silver-spring-md-33aef4dd.html
Dec 03 2023	Jon Spencer	The Fillmore Silver Spring, Silver Spring, MD, USA	https://www.setlist.fm/setlist/jon-spencer/2023/the-fillmore-silver-spring-silver-spring-md-53aef701.html
Dec 03 2023	Eric Johanson	The Fillmore Silver Spring, Silver Spring, MD, USA	https://www.setlist.fm/setlist/eric-johanson/2023/the-fillmore-silver-spring-silver-spring-md-53aee779.html
Nov 26 2023	The Lone Bellow	Wolf Trap Farm Park (The Barns), Vienna, VA, USA	https://www.setlist.fm/setlist/the-lone-bellow/2023/wolf-trap-farm-park-the-barns-vienna-va-53aea3e5.html
Nov 26 2023	Stephen Wilson Jr	Wolf Trap Farm Park (The Barns), Vienna, VA, USA	https://www.setlist.fm/setlist/stephen-wilson-jr/2023/wolf-trap-farm-park-the-barns-vienna-va-43aea3a3.html
Nov 25 2023	Liz Phair	The Anthem, Washington, DC, USA	https://www.setlist.fm/setlist/liz-phair/2023/the-anthem-washington-dc-13a14d89.html
Nov 25 2023	Blondshell	The Anthem, Washington, DC, USA	https://www.setlist.fm/setlist/blondshell/2023/the-anthem-washington-dc-3a14d8f.html
Nov 13 2023	Shakey Graves	9:30 Club, Washington, DC, USA	https://www.setlist.fm/setlist/shakey-graves/2023/930-club-washington-dc-23a1300b.html
Nov 13 2023	Sadurn	9:30 Club, Washington, DC, USA	https://www.setlist.fm/setlist/sadurn/2023/930-club-washington-dc-2ba1300a.html
Oct 27 2023	Albert Cummings	Jammin Java, Vienna, VA, USA	https://www.setlist.fm/setlist/albert-cummings/2023/jammin-java-vienna-va-63a002db.html
Oct 22 2023	Amy Stroup	The Birchmere, Alexandria, VA, USA	https://www.setlist.fm/setlist/amy-stroup/2023/the-birchmere-alexandria-va-4ba0c362.html
Oct 22 2023	The Secret Sisters	The Birchmere, Alexandria, VA, USA	https://www.setlist.fm/setlist/the-secret-sisters/2023/the-birchmere-alexandria-va-5ba0c360.html
Oct 18 2023	Live	Lincoln Theatre, Washington, DC, USA	https://www.setlist.fm/setlist/live/2023/lincoln-theatre-washington-dc-7ba0fe80.html
Oct 15 2023	LL Cool J	Capital One Arena, Washington, DC, USA	https://www.setlist.fm/setlist/ll-cool-j/2023/capital-one-arena-washington-dc-63a0a2c3.html
Oct 15 2023	The Roots	Capital One Arena, Washington, DC, USA	https://www.setlist.fm/setlist/the-roots/2023/capital-one-arena-washington-dc-3ba098f0.html
Oct 15 2023	DJ Jazzy Jeff	Capital One Arena, Washington, DC, USA	https://www.setlist.fm/setlist/dj-jazzy-jeff/2023/capital-one-arena-washington-dc-2ba098f6.html
Oct 15 2023	Queen Latifah	Capital One Arena, Washington, DC, USA	https://www.setlist.fm/setlist/queen-latifah/2023/capital-one-arena-washington-dc-33a098f5.html
Oct 15 2023	Bone Thugs‐n‐Harmony	Capital One Arena, Washington, DC, USA	https://www.setlist.fm/setlist/bone-thugsnharmony/2023/capital-one-arena-washington-dc-3ba098f4.html
Oct 15 2023	Z‐Trip	Capital One Arena, Washington, DC, USA	https://www.setlist.fm/setlist/ztrip/2023/capital-one-arena-washington-dc-2ba098ea.html
Oct 13 2023	Daniel Donato	Pearl Street Warehouse, Washington, DC, USA	https://www.setlist.fm/setlist/daniel-donato/2023/pearl-street-warehouse-washington-dc-3a09d63.html
Oct 08 2023	Vanessa Collier	AMP by Strathmore, North Bethesda, MD, USA	https://www.setlist.fm/setlist/vanessa-collier/2023/amp-by-strathmore-north-bethesda-md-ba36132.html
Oct 06 2023	Kenny Wayne Shepherd	Capital One Hall, Tysons Corner, VA, USA	https://www.setlist.fm/setlist/kenny-wayne-shepherd/2023/capital-one-hall-tysons-corner-va-7ba326e8.html
Oct 05 2023	Victor Wooten	The Fillmore Silver Spring, Silver Spring, MD, USA	https://www.setlist.fm/setlist/victor-wooten/2023/the-fillmore-silver-spring-silver-spring-md-ba30dba.html
Oct 05 2023	Rebirth Brass Band	The Fillmore Silver Spring, Silver Spring, MD, USA	https://www.setlist.fm/setlist/rebirth-brass-band/2023/the-fillmore-silver-spring-silver-spring-md-5ba30ba8.html
Sep 27 2023	Rhiannon Giddens	The Clarice Smith Performing Arts Center, College Park, MD, USA	https://www.setlist.fm/setlist/rhiannon-giddens/2023/the-clarice-smith-performing-arts-center-college-park-md-4ba3e73e.html
Sep 27 2023	Adia Victoria	The Clarice Smith Performing Arts Center, College Park, MD, USA	https://www.setlist.fm/setlist/adia-victoria/2023/the-clarice-smith-performing-arts-center-college-park-md-53a3e735.html
Sep 26 2023	Nas	Capital One Arena, Washington, DC, USA	https://www.setlist.fm/setlist/nas/2023/capital-one-arena-washington-dc-ba3911a.html
Sep 26 2023	Wu‐Tang Clan	Capital One Arena, Washington, DC, USA	https://www.setlist.fm/setlist/wutang-clan/2023/capital-one-arena-washington-dc-23a384ab.html
Sep 26 2023	De La Soul	Capital One Arena, Washington, DC, USA	https://www.setlist.fm/setlist/de-la-soul/2023/capital-one-arena-washington-dc-2ba384aa.html
Sep 13 2023	Sonny Landreth	The Hamilton Live, Washington, DC, USA	https://www.setlist.fm/setlist/sonny-landreth/2023/the-hamilton-live-washington-dc-73a20ac5.html
Sep 13 2023	Peter Case	The Hamilton Live, Washington, DC, USA	https://www.setlist.fm/setlist/peter-case/2023/the-hamilton-live-washington-dc-73a20ab5.html
Sep 10 2023	Beck	Merriweather Post Pavilion, Columbia, MD, USA	https://www.setlist.fm/setlist/beck/2023/merriweather-post-pavilion-columbia-md-6ba2d22a.html
Sep 10 2023	Phoenix	Merriweather Post Pavilion, Columbia, MD, USA	https://www.setlist.fm/setlist/phoenix/2023/merriweather-post-pavilion-columbia-md-5ba2cb68.html
Sep 10 2023	Weyes Blood	Merriweather Post Pavilion, Columbia, MD, USA	https://www.setlist.fm/setlist/weyes-blood/2023/merriweather-post-pavilion-columbia-md-4ba2cb6e.html
Sep 10 2023	Sir Chloe	Merriweather Post Pavilion, Columbia, MD, USA	https://www.setlist.fm/setlist/sir-chloe/2023/merriweather-post-pavilion-columbia-md-4ba2cb62.html
Sep 09 2023	Glenn Yoder	Pearl Street Warehouse, Washington, DC, USA	https://www.setlist.fm/setlist/glenn-yoder/2023/pearl-street-warehouse-washington-dc-33a2346d.html
Sep 09 2023	Kingsley Flood	Pearl Street Warehouse, Washington, DC, USA	https://www.setlist.fm/setlist/kingsley-flood/2023/pearl-street-warehouse-washington-dc-23a2345b.html
Sep 09 2023	DuPont Brass	Rosslyn Jazz Fest 2023	https://www.setlist.fm/setlist/dupont-brass/2023/gateway-park-arlington-va-23a2343b.html
Sep 08 2023	ZZ Ward	9:30 Club, Washington, DC, USA	https://www.setlist.fm/setlist/zz-ward/2023/930-club-washington-dc-ba2ddd2.html
Sep 08 2023	Jaime Wyatt	9:30 Club, Washington, DC, USA	https://www.setlist.fm/setlist/jaime-wyatt/2023/930-club-washington-dc-13a2ddd1.html
Sep 02 2023	Oh He Dead	9:30 Club, Washington, DC, USA	https://www.setlist.fm/setlist/oh-he-dead/2023/930-club-washington-dc-33a21cbd.html
Sep 02 2023	AZTEC SUN	9:30 Club, Washington, DC, USA	https://www.setlist.fm/setlist/aztec-sun/2023/930-club-washington-dc-2ba21ca2.html
Sep 02 2023	Dior Ashley Brown and the Filthy Animals	9:30 Club, Washington, DC, USA	https://www.setlist.fm/setlist/dior-ashley-brown-and-the-filthy-animals/2023/930-club-washington-dc-23a21c9b.html
Aug 27 2023	The Robert Cray Band	The Birchmere, Alexandria, VA, USA	https://www.setlist.fm/setlist/the-robert-cray-band/2023/the-birchmere-alexandria-va-73a55289.html
Aug 23 2023	Steve Earle	The Birchmere, Alexandria, VA, USA	https://www.setlist.fm/setlist/steve-earle/2023/the-birchmere-alexandria-va-ba52966.html
Aug 23 2023	Danny Burns	The Birchmere, Alexandria, VA, USA	https://www.setlist.fm/setlist/danny-burns/2023/the-birchmere-alexandria-va-63a506a3.html
Aug 18 2023	Jimmie Vaughan	The State Theatre, Falls Church, VA, USA	https://www.setlist.fm/setlist/jimmie-vaughan/2023/the-state-theatre-falls-church-va-1ba5d150.html
Aug 18 2023	King Solomon Hicks	The State Theatre, Falls Church, VA, USA	https://www.setlist.fm/setlist/king-solomon-hicks/2023/the-state-theatre-falls-church-va-ba5d14e.html
Aug 12 2023	Honeyfunk	Pearl Street Warehouse, Washington, DC, USA	https://www.setlist.fm/setlist/honeyfunk/2023/pearl-street-warehouse-washington-dc-3a59933.html
Aug 12 2023	Zedicus & Abyssinia Roots	Pearl Street Warehouse, Washington, DC, USA	https://www.setlist.fm/setlist/zedicus-and-abyssinia-roots/2023/pearl-street-warehouse-washington-dc-5ba2ffb0.html
Jul 27 2023	Ana Popović	The Hamilton Live, Washington, DC, USA	https://www.setlist.fm/setlist/ana-popovi/2023/the-hamilton-live-washington-dc-1ba4ed10.html
Jul 27 2023	Skribe	The Hamilton Live, Washington, DC, USA	https://www.setlist.fm/setlist/skribe/2023/the-hamilton-live-washington-dc-3a4ed17.html
Jul 20 2023	Tab Benoit	The Birchmere, Alexandria, VA, USA	https://www.setlist.fm/setlist/tab-benoit/2023/the-birchmere-alexandria-va-73a74295.html
Jul 20 2023	Anthony Rosano and The Conqueroos	The Birchmere, Alexandria, VA, USA	https://www.setlist.fm/setlist/anthony-rosano-and-the-conqueroos/2023/the-birchmere-alexandria-va-63a7428b.html
Jul 16 2023	Daniel Donato	The 8x10, Baltimore, MD, USA	https://www.setlist.fm/setlist/daniel-donato/2023/the-8x10-baltimore-md-23a75897.html
Jul 09 2023	Elvis Costello & The Imposters	Lyric Performing Arts Center, Baltimore, MD, USA	https://www.setlist.fm/setlist/elvis-costello-and-the-imposters/2023/lyric-performing-arts-center-baltimore-md-3ba73c34.html
Jul 09 2023	Nick Lowe & Los Straitjackets	Lyric Performing Arts Center, Baltimore, MD, USA	https://www.setlist.fm/setlist/nick-lowe-and-los-straitjackets/2023/lyric-performing-arts-center-baltimore-md-2ba73462.html
Jul 05 2023	Tori Amos	Wolf Trap National Park for the Performing Arts (Filene Center), Vienna, VA, USA	https://www.setlist.fm/setlist/tori-amos/2023/wolf-trap-national-park-for-the-performing-arts-filene-center-vienna-va-63a7ea9f.html
Jun 28 2023	Ally Venable Band	Rams Head On Stage, Annapolis, MD, USA	https://www.setlist.fm/setlist/ally-venable-band/2023/rams-head-on-stage-annapolis-md-2ba7ac96.html
Jun 22 2023	Steve Miller Band	Wolf Trap National Park for the Performing Arts (Filene Center), Vienna, VA, USA	https://www.setlist.fm/setlist/steve-miller-band/2023/wolf-trap-national-park-for-the-performing-arts-filene-center-vienna-va-4ba673e2.html
Jun 22 2023	Christone “Kingfish” Ingram	Wolf Trap National Park for the Performing Arts (Filene Center), Vienna, VA, USA	https://www.setlist.fm/setlist/christone-kingfish-ingram/2023/wolf-trap-national-park-for-the-performing-arts-filene-center-vienna-va-53a673e1.html
Jun 20 2023	Christone “Kingfish” Ingram	The 8x10, Baltimore, MD, USA	https://www.setlist.fm/setlist/christone-kingfish-ingram/2023/the-8x10-baltimore-md-6ba606c2.html
Jun 18 2023	Mavis Staples	Wolf Trap National Park for the Performing Arts (Filene Center), Vienna, VA, USA	https://www.setlist.fm/setlist/mavis-staples/2023/wolf-trap-national-park-for-the-performing-arts-filene-center-vienna-va-43a623d7.html
Jun 18 2023	Trombone Shorty & Orleans Avenue	Wolf Trap National Park for the Performing Arts (Filene Center), Vienna, VA, USA	https://www.setlist.fm/setlist/trombone-shorty-and-orleans-avenue/2023/wolf-trap-national-park-for-the-performing-arts-filene-center-vienna-va-5ba623cc.html
Jun 18 2023	Ziggy Marley	Wolf Trap National Park for the Performing Arts (Filene Center), Vienna, VA, USA	https://www.setlist.fm/setlist/ziggy-marley/2023/wolf-trap-national-park-for-the-performing-arts-filene-center-vienna-va-43a623bb.html
Jun 15 2023	Kate Davis	Songbyrd Music House, Washington, DC, USA	https://www.setlist.fm/setlist/kate-davis/2023/songbyrd-music-house-washington-dc-6ba73af6.html
Jun 11 2023	Samantha Fish & Jesse Dayton	Wolf Trap National Park for the Performing Arts (Filene Center), Vienna, VA, USA	https://www.setlist.fm/setlist/samantha-fish-and-jesse-dayton/2023/wolf-trap-national-park-for-the-performing-arts-filene-center-vienna-va-63a6ea87.html
Jun 11 2023	Buddy Guy	Wolf Trap National Park for the Performing Arts (Filene Center), Vienna, VA, USA	https://www.setlist.fm/setlist/buddy-guy/2023/wolf-trap-national-park-for-the-performing-arts-filene-center-vienna-va-13a6e579.html
Jun 11 2023	Robert Randolph & The Family Band	Wolf Trap National Park for the Performing Arts (Filene Center), Vienna, VA, USA	https://www.setlist.fm/setlist/robert-randolph-and-the-family-band/2023/wolf-trap-national-park-for-the-performing-arts-filene-center-vienna-va-3a6e573.html
Jun 07 2023	Indigo Girls	Wolf Trap National Park for the Performing Arts (Filene Center), Vienna, VA, USA	https://www.setlist.fm/setlist/indigo-girls/2023/wolf-trap-national-park-for-the-performing-arts-filene-center-vienna-va-63a692c3.html
Jun 07 2023	Larkin Poe	Wolf Trap National Park for the Performing Arts (Filene Center), Vienna, VA, USA	https://www.setlist.fm/setlist/larkin-poe/2023/wolf-trap-national-park-for-the-performing-arts-filene-center-vienna-va-1ba6f524.html
May 25 2023	The Avett Brothers	Wolf Trap National Park for the Performing Arts (Filene Center), Vienna, VA, USA	https://www.setlist.fm/setlist/the-avett-brothers/2023/wolf-trap-national-park-for-the-performing-arts-filene-center-vienna-va-33b900f9.html
May 25 2023	Bill Frisell	Wolf Trap National Park for the Performing Arts (Filene Center), Vienna, VA, USA	https://www.setlist.fm/setlist/bill-frisell/2023/wolf-trap-national-park-for-the-performing-arts-filene-center-vienna-va-23b9788f.html
May 23 2023	The Lone Bellow	The Birchmere, Alexandria, VA, USA	https://www.setlist.fm/setlist/the-lone-bellow/2023/the-birchmere-alexandria-va-6ba736fa.html
May 23 2023	Lindsay Lou	The Birchmere, Alexandria, VA, USA	https://www.setlist.fm/setlist/lindsay-lou/2023/the-birchmere-alexandria-va-73a72e79.html
May 20 2023	Shovels & Rope	The Anthem, Washington, DC, USA	https://www.setlist.fm/setlist/shovels-and-rope/2023/the-anthem-washington-dc-1bb9151c.html
May 20 2023	The Wood Brothers	The Anthem, Washington, DC, USA	https://www.setlist.fm/setlist/the-wood-brothers/2023/the-anthem-washington-dc-33a73089.html
May 17 2023	Eric Gales	The Hamilton Live, Washington, DC, USA	https://www.setlist.fm/setlist/eric-gales/2023/the-hamilton-live-washington-dc-1bb9d91c.html
Apr 26 2023	Suzanne Vega	The Birchmere, Alexandria, VA, USA	https://www.setlist.fm/setlist/suzanne-vega/2023/the-birchmere-alexandria-va-73b80a69.html
Apr 24 2023	Sona Jobarteh	The Howard Theatre, Washington, DC, USA	https://www.setlist.fm/setlist/sona-jobarteh/2023/the-howard-theatre-washington-dc-2ba2682a.html
Apr 08 2023	Kate Davis	Songbyrd Music House, Washington, DC, USA	https://www.setlist.fm/setlist/kate-davis/2023/songbyrd-music-house-washington-dc-6ba7360a.html
Mar 09 2023	Larkin Poe	9:30 Club, Washington, DC, USA	https://www.setlist.fm/setlist/larkin-poe/2023/930-club-washington-dc-bba79f2.html
Mar 09 2023	Tall Heights	9:30 Club, Washington, DC, USA	https://www.setlist.fm/setlist/tall-heights/2023/930-club-washington-dc-1bba79f0.html
Mar 07 2023	Enter the Haggis	The Hamilton Live, Washington, DC, USA	https://www.setlist.fm/setlist/enter-the-haggis/2023/the-hamilton-live-washington-dc-33a73029.html
Mar 07 2023	Cassie & Maggie	The Hamilton Live, Washington, DC, USA	https://www.setlist.fm/setlist/cassie-and-maggie/2023/the-hamilton-live-washington-dc-53a72f89.html
Mar 05 2023	Lucky Chops	Union Stage, Washington, DC, USA	https://www.setlist.fm/setlist/lucky-chops/2023/union-stage-washington-dc-376c95b.html
Feb 23 2023	Buffalo Nichols	Columbia Art Center, Columbia, MD, USA	https://www.setlist.fm/setlist/buffalo-nichols/2023/columbia-art-center-columbia-md-2ba730e6.html
Feb 18 2023	Tedeschi Trucks Band	Warner Theatre, Washington, DC, USA	https://www.setlist.fm/setlist/tedeschi-trucks-band/2023/warner-theatre-washington-dc-33baa451.html
Feb 16 2023	Gaelic Storm	The Birchmere, Alexandria, VA, USA	https://www.setlist.fm/setlist/gaelic-storm/2023/the-birchmere-alexandria-va-33a73015.html
Jan 28 2023	Daniel Donato	The Anthem, Washington, DC, USA	https://www.setlist.fm/setlist/daniel-donato/2023/the-anthem-washington-dc-63bd3673.html
Jan 28 2023	Greensky Bluegrass	The Anthem, Washington, DC, USA	https://www.setlist.fm/setlist/greensky-bluegrass/2023/the-anthem-washington-dc-53bd2311.html
Jan 14 2023	Oliver Wood	Millennium Stage, Washington, DC, USA	https://www.setlist.fm/setlist/oliver-wood/2023/millennium-stage-washington-dc-2bbda05a.html
Dec 31 2022	George Clinton & Parliament-Funkadelic	9:30 Club, Washington, DC, USA	https://www.setlist.fm/setlist/george-clinton-and-parliament-funkadelic/2022/930-club-washington-dc-5bbc23c4.html
Dec 31 2022	MonoNeon	9:30 Club, Washington, DC, USA	https://www.setlist.fm/setlist/mononeon/2022/930-club-washington-dc-bbc1902.html
Dec 31 2022	Blu Eye Extinction	9:30 Club, Washington, DC, USA	https://www.setlist.fm/setlist/blu-eye-extinction/2022/930-club-washington-dc-13bc1901.html
Dec 29 2022	The Pietasters	9:30 Club, Washington, DC, USA	https://www.setlist.fm/setlist/the-pietasters/2022/930-club-washington-dc-73bc2279.html
Dec 16 2022	They Might Be Giants	Lincoln Theatre, Washington, DC, USA	https://www.setlist.fm/setlist/they-might-be-giants/2022/lincoln-theatre-washington-dc-bbcf162.html
Dec 14 2022	Ana Popović	Pearl Street Warehouse, Washington, DC, USA	https://www.setlist.fm/setlist/ana-popovi/2022/pearl-street-warehouse-washington-dc-bbc9dae.html
Dec 14 2022	Carly Harvey	Pearl Street Warehouse, Washington, DC, USA	https://www.setlist.fm/setlist/carly-harvey/2022/pearl-street-warehouse-washington-dc-2bbc8872.html
Nov 30 2022	Kate Davis	Songbyrd Music House, Washington, DC, USA	https://www.setlist.fm/setlist/kate-davis/2022/songbyrd-music-house-washington-dc-4ba7334a.html
Nov 17 2022	Tab Benoit	The State Theatre, Falls Church, VA, USA	https://www.setlist.fm/setlist/tab-benoit/2022/the-state-theatre-falls-church-va-5bbfafe0.html
Nov 17 2022	The Dirty Dozen Brass Band	The State Theatre, Falls Church, VA, USA	https://www.setlist.fm/setlist/the-dirty-dozen-brass-band/2022/the-state-theatre-falls-church-va-43bfafe7.html
Nov 17 2022	Lightnin’ Malcolm	The State Theatre, Falls Church, VA, USA	https://www.setlist.fm/setlist/lightnin-malcolm/2022/the-state-theatre-falls-church-va-3bf814b.html
Oct 27 2022	Enter the Haggis	City Winery, Washington, DC, USA	https://www.setlist.fm/setlist/enter-the-haggis/2022/city-winery-washington-dc-2ba7309e.html
Oct 24 2022	Violent Femmes	9:30 Club, Washington, DC, USA	https://www.setlist.fm/setlist/violent-femmes/2022/930-club-washington-dc-3bea1b7.html
Oct 24 2022	Alsarah & the Nubatones	9:30 Club, Washington, DC, USA	https://www.setlist.fm/setlist/alsarah-and-the-nubatones/2022/930-club-washington-dc-13bea1a9.html
Oct 22 2022	ZZ Top	The Theater at MGM National Harbor, National Harbor, MD, USA	https://www.setlist.fm/setlist/zz-top/2022/the-theater-at-mgm-national-harbor-national-harbor-md-3beb9eb.html
Oct 22 2022	Austin Meade	The Theater at MGM National Harbor, National Harbor, MD, USA	https://www.setlist.fm/setlist/austin-meade/2022/the-theater-at-mgm-national-harbor-national-harbor-md-bbe957e.html
Sep 17 2022	The Avett Brothers	Outlaw Music Festival 2022	https://www.setlist.fm/setlist/the-avett-brothers/2022/merriweather-post-pavilion-columbia-md-3bb000b8.html
Sep 17 2022	Willie Nelson	Outlaw Music Festival 2022	https://www.setlist.fm/setlist/willie-nelson/2022/merriweather-post-pavilion-columbia-md-4bb00396.html
Sep 17 2022	Zach Bryan	Outlaw Music Festival 2022	https://www.setlist.fm/setlist/zach-bryan/2022/merriweather-post-pavilion-columbia-md-43b0038b.html
Sep 17 2022	Larkin Poe	Outlaw Music Festival 2022	https://www.setlist.fm/setlist/larkin-poe/2022/merriweather-post-pavilion-columbia-md-4bb0038a.html
Sep 17 2022	Brittney Spencer	Outlaw Music Festival 2022	https://www.setlist.fm/setlist/brittney-spencer/2022/merriweather-post-pavilion-columbia-md-53b00389.html
Aug 16 2022	Roger Waters	Capital One Arena, Washington, DC, USA	https://www.setlist.fm/setlist/roger-waters/2022/capital-one-arena-washington-dc-43b3e31f.html
Jul 16 2022	Daniel Donato	Pearl Street Warehouse, Washington, DC, USA	https://www.setlist.fm/setlist/daniel-donato/2022/pearl-street-warehouse-washington-dc-53b29329.html
Apr 26 2022	Daniel Donato	Jammin Java, Vienna, VA, USA	https://www.setlist.fm/setlist/daniel-donato/2022/jammin-java-vienna-va-23a730c3.html
Feb 27 2022	Lyle Lovett	The Birchmere, Alexandria, VA, USA	https://www.setlist.fm/setlist/lyle-lovett/2022/the-birchmere-alexandria-va-5389afd5.html
Feb 18 2022	Tedeschi Trucks Band	Warner Theatre, Washington, DC, USA	https://www.setlist.fm/setlist/tedeschi-trucks-band/2022/warner-theatre-washington-dc-538877c1.html
Jan 21 2022	Keb’ Mo’	The Birchmere, Alexandria, VA, USA	https://www.setlist.fm/setlist/keb-mo/2022/the-birchmere-alexandria-va-23a7300f.html
Nov 18 2021	Ally Venable Band	Sixth & I Historic Synagogue, Washington, DC, USA	https://www.setlist.fm/setlist/ally-venable-band/2021/sixth-and-i-historic-synagogue-washington-dc-138a0505.html
Nov 18 2021	Christone “Kingfish” Ingram	Sixth & I Historic Synagogue, Washington, DC, USA	https://www.setlist.fm/setlist/christone-kingfish-ingram/2021/sixth-and-i-historic-synagogue-washington-dc-b8a0592.html
Oct 22 2021	Rival Sons	9:30 Club, Washington, DC, USA	https://www.setlist.fm/setlist/rival-sons/2021/930-club-washington-dc-138d6965.html
Oct 16 2021	Larkin Poe	The Recher, Towson, MD, USA	https://www.setlist.fm/setlist/larkin-poe/2021/the-recher-towson-md-438d1363.html
Sep 24 2021	Kingsley Flood	Pearl Street Warehouse, Washington, DC, USA	https://www.setlist.fm/setlist/kingsley-flood/2021/pearl-street-warehouse-washington-dc-3ba730dc.html
Sep 23 2021	The Avett Brothers	Wolf Trap National Park for the Performing Arts (Filene Center), Vienna, VA, USA	https://www.setlist.fm/setlist/the-avett-brothers/2021/wolf-trap-national-park-for-the-performing-arts-filene-center-vienna-va-638dbec7.html
Jul 11 2021	Oliver Wood	The Patio Stage at Strathmore, North Bethesda, MD, USA	https://www.setlist.fm/setlist/oliver-wood/2021/the-patio-stage-at-strathmore-north-bethesda-md-2ba73086.html
Dec 29 2019	The Roots	John F. Kennedy Center for the Performing Arts, Washington, DC, USA	https://www.setlist.fm/setlist/the-roots/2019/john-f-kennedy-center-for-the-performing-arts-washington-dc-439bc7e7.html
Nov 13 2019	Kate Davis	Pie Shop, Washington, DC, USA	https://www.setlist.fm/setlist/kate-davis/2019/pie-shop-washington-dc-2b9a9c1a.html
Aug 18 2019	Mark Knopfler	Wolf Trap National Park for the Performing Arts (Filene Center), Vienna, VA, USA	https://www.setlist.fm/setlist/mark-knopfler/2019/wolf-trap-national-park-for-the-performing-arts-filene-center-vienna-va-1b9fcd38.html
Jul 17 2019	Tedeschi Trucks Band	Wolf Trap National Park for the Performing Arts (Filene Center), Vienna, VA, USA	https://www.setlist.fm/setlist/tedeschi-trucks-band/2019/wolf-trap-national-park-for-the-performing-arts-filene-center-vienna-va-b9edd12.html
Jul 17 2019	Blackberry Smoke	Wolf Trap National Park for the Performing Arts (Filene Center), Vienna, VA, USA	https://www.setlist.fm/setlist/blackberry-smoke/2019/wolf-trap-national-park-for-the-performing-arts-filene-center-vienna-va-1b9edd10.html
Jun 23 2019	Buddy Guy	Wolf Trap National Park for the Performing Arts (Filene Center), Vienna, VA, USA	https://www.setlist.fm/setlist/buddy-guy/2019/wolf-trap-national-park-for-the-performing-arts-filene-center-vienna-va-1b912104.html
Jun 23 2019	Kenny Wayne Shepherd	Wolf Trap National Park for the Performing Arts (Filene Center), Vienna, VA, USA	https://www.setlist.fm/setlist/kenny-wayne-shepherd/2019/wolf-trap-national-park-for-the-performing-arts-filene-center-vienna-va-39121fb.html
Jun 23 2019	Samantha Fish	Wolf Trap National Park for the Performing Arts (Filene Center), Vienna, VA, USA	https://www.setlist.fm/setlist/samantha-fish/2019/wolf-trap-national-park-for-the-performing-arts-filene-center-vienna-va-139121f9.html
Feb 02 2019	Greensky Bluegrass	The Anthem, Washington, DC, USA	https://www.setlist.fm/setlist/greensky-bluegrass/2019/the-anthem-washington-dc-3b95dcc4.html
Feb 02 2019	Billy Strings	The Anthem, Washington, DC, USA	https://www.setlist.fm/setlist/billy-strings/2019/the-anthem-washington-dc-2395d827.html
Jul 22 2018	Daniel Donato	Songbyrd Music House, Washington, DC, USA	https://www.setlist.fm/setlist/daniel-donato/2018/songbyrd-music-house-washington-dc-3ba730bc.html
Jun 23 2016	Sting & Peter Gabriel	Verizon Center, Washington, DC, USA	https://www.setlist.fm/setlist/sting-and-peter-gabriel/2016/verizon-center-washington-dc-43fe47b7.html
Nov 20 2012	Bob Dylan	Verizon Center, Washington, DC, USA	https://www.setlist.fm/setlist/bob-dylan/2012/verizon-center-washington-dc-13dae165.html
Nov 20 2012	Mark Knopfler	Verizon Center, Washington, DC, USA	https://www.setlist.fm/setlist/mark-knopfler/2012/verizon-center-washington-dc-23dadc43.html
Oct 14 2012	Peter Gabriel	Patriot Center, Fairfax, VA, USA	https://www.setlist.fm/setlist/peter-gabriel/2012/patriot-center-fairfax-va-3bdd1090.html
Aug 15 2003	Counting Crows	Nissan Pavilion, Bristow, VA, USA	https://www.setlist.fm/setlist/counting-crows/2003/nissan-pavilion-bristow-va-63d02a7f.html
Aug 15 2003	John Mayer	Nissan Pavilion, Bristow, VA, USA	https://www.setlist.fm/setlist/john-mayer/2003/nissan-pavilion-bristow-va-6bd02a7e.html
Jun 21 2003	Gillian Welch & David Rawlings	Wolf Trap National Park for the Performing Arts (Filene Center), Vienna, VA, USA	https://www.setlist.fm/setlist/gillian-welch-and-david-rawlings/2003/wolf-trap-national-park-for-the-performing-arts-filene-center-vienna-va-43d02b97.html
Jun 21 2003	Norah Jones	Wolf Trap National Park for the Performing Arts (Filene Center), Vienna, VA, USA	https://www.setlist.fm/setlist/norah-jones/2003/wolf-trap-national-park-for-the-performing-arts-filene-center-vienna-va-4bd02b96.html
Nov 24 2002	Peter Gabriel	MCI Center, Washington, DC, USA	https://www.setlist.fm/setlist/peter-gabriel/2002/mci-center-washington-dc-3d4894f.html
Jul 28 2002	David Bowie	Nissan Pavilion, Bristow, VA, USA	https://www.setlist.fm/setlist/david-bowie/2002/nissan-pavilion-bristow-va-4bd2db96.html
Jul 28 2002	Moby	Nissan Pavilion, Bristow, VA, USA	https://www.setlist.fm/setlist/moby/2002/nissan-pavilion-bristow-va-bdffdbe.html
Aug 09 1997	Live	Merriweather Post Pavilion, Columbia, MD, USA	https://www.setlist.fm/setlist/live/1997/merriweather-post-pavilion-columbia-md-bd6ed92.html
Aug 17 1996	Jimmy Buffett	Nissan Pavilion, Bristow, VA, USA	https://www.setlist.fm/setlist/jimmy-buffett/1996/nissan-pavilion-bristow-va-43d223eb.html
Jun 26 1993	Grateful Dead	Robert F. Kennedy Memorial Stadium, Washington, DC, USA	https://www.setlist.fm/setlist/grateful-dead/1993/robert-f-kennedy-memorial-stadium-washington-dc-33d6007d.html
Jun 26 1993	Sting	Robert F. Kennedy Memorial Stadium, Washington, DC, USA	https://www.setlist.fm/setlist/sting/1993/robert-f-kennedy-memorial-stadium-washington-dc-43d477ff.html
Jun 22 1993	Peter Gabriel	Capital Centre, Landover, MD, USA	https://www.setlist.fm/setlist/peter-gabriel/1993/capital-centre-landover-md-1bd3e1c8.html
Apr 28 1990	Indigo Girls	Orpheum Theatre, Boston, MA, USA	https://www.setlist.fm/setlist/indigo-girls/1990/orpheum-theatre-boston-ma-43d16337.html
Mar 31 1989	Elvis Costello	Conte Forum, Chestnut Hill, MA, USA	https://www.setlist.fm/setlist/elvis-costello/1989/conte-forum-chestnut-hill-ma-23ca201f.html
Jan 30 1988	Sting	Patriot Center, Fairfax, VA, USA	https://www.setlist.fm/setlist/sting/1988/patriot-center-fairfax-va-43d8bb97.html
Jul 28 1987	Peter Gabriel	Merriweather Post Pavilion, Columbia, MD, USA	https://www.setlist.fm/setlist/peter-gabriel/1987/merriweather-post-pavilion-columbia-md-2bd3e82a.html
Sep 21 1985	Sting	Merriweather Post Pavilion, Columbia, MD, USA	https://www.setlist.fm/setlist/sting/1985/merriweather-post-pavilion-columbia-md-63db42ab.html
Jul 24 1985	Foreigner	Capital Centre, Landover, MD, USA	https://www.setlist.fm/setlist/foreigner/1985/capital-centre-landover-md-3dc25ab.html
Jul 24 1985	Joe Walsh	Capital Centre, Landover, MD, USA	https://www.setlist.fm/setlist/joe-walsh/1985/capital-centre-landover-md-1bdc25ac.html