Title	Description	Shareable Link	Video Count
Greensky Bluegrass LIVE @ 9:30 Club 6/12/26	Couple of tracks from stage right balcony. Anders Beck had a funny take between songs on being at the 9:30 Club after "a bunch of these outdoor shows" where he felt like he couldn't curse because of "all the kids around" - so he just belted out a stream of profanity. set list at https://www.setlist.fm/setlist/greensky-bluegrass/2026/930-club-washington-dc-53485345.html	https://www.youtube.com/playlist?list=PLP9FPlWGJxns	2
Orianthi LIVE @ Rams Head 6/11/25	select tracks from a front table. including special appearance by Paul Reed Smith full set list at https://www.setlist.fm/setlist/orianthi/2026/rams-head-on-stage-annapolis-md-5b49034c.html	https://www.youtube.com/playlist?list=PLeZMlo0miZFA	6
Songwriters Celebrate John Prine LIVE @ Wolf Trap 6/9/26	A one-of-one celebration of John Prine, who would have turned 80 in October. Select tracks from the stage left pit.	https://www.youtube.com/playlist?list=PLbMXa1lXEX-c	12
Gary Clark Jr + Christone 'Kingfish' Ingram LIVE @ Wolf Trap 6/6/26	Select tracks from row J. Full set lists at https://www.setlist.fm/setlist/gary-clark-jr/2026/wolf-trap-national-park-for-the-performing-arts-filene-center-vienna-va-2348c4a7.html and https://www.setlist.fm/setlist/christone-kingfish-ingram/2026/wolf-trap-national-park-for-the-performing-arts-filene-center-vienna-va-3348c4a5.html	https://www.youtube.com/playlist?list=PLJYzcKs_5RoE	7
Jackie Venson LIVE @ New Spire Arts 6/4/26	great space, front row. select tracks. full set list at https://www.setlist.fm/setlist/jackie-venson/2026/new-spire-arts-frederick-md-737526b1.html	https://www.youtube.com/playlist?list=PLcIl83gdZw2w	6
Lyle Lovett LIVE @ Birchmere (night two) 5/31/26	select tracks from a front table - the show where I sneezed between songs and Lyle said "bless you" - full set list at https://www.setlist.fm/setlist/lyle-lovett/2026/the-birchmere-alexandria-va-7375deb1.html	https://www.youtube.com/playlist?list=PLO1yUE6ISmrg	9
Joe Satriani and Steve Vai LIVE @ Wolf Trap 5/30/26	SATCHVAI Band - Selected tracks from row C. full set list at https://www.setlist.fm/setlist/satchvai-band/2026/wolf-trap-national-park-for-the-performing-arts-filene-center-vienna-va-5b4c634c.html	https://www.youtube.com/playlist?list=PLRk5XHn7Qmz4	3
Gabe Stillman LIVE @ JV's 5/17/26	select tracks from a side table with Bob and Lary full set list is at https://www.setlist.fm/setlist/gabe-stillman/2026/jvs-live-music-room-falls-church-va-4377b387.html	https://www.youtube.com/playlist?list=PLJ7S-K0cjvGKUshaQbe6S0sVFmQn4bYgM	6
The Lone Bellow LIVE @ Birchmere 05/14/26	Select tracks from the VIP sound check and a front table at the main show. Eli Kollman opening. Full set list at https://www.setlist.fm/setlist/the-lone-bellow/2026/the-birchmere-alexandria-va-374c17b.html	https://www.youtube.com/playlist?list=PLJ7S-K0cjvGLtlZIXCYyNM5PuPKyWIJLb	8
Vanessa Collier LIVE @ Collective Encore 5/9/26	select tracks from a front table, hometown show, night 2 full set list at https://www.setlist.fm/setlist/vanessa-collier/2026/the-collective-encore-columbia-md-7377c2bd.html	https://www.youtube.com/playlist?list=PLJ7S-K0cjvGKE7Kc_0H8LtZRFyPZaEfr5	6
Ally Venable LIVE @ Rams Head 04/20/26	select tracks from a front table - last show of the run full set list at https://www.setlist.fm/setlist/ally-venable-band/2026/rams-head-on-stage-annapolis-md-1b4bf1c0.html	https://www.youtube.com/playlist?list=PLJ7S-K0cjvGKU2wdjfe27w-FPaFHSuKSO	5
Tommy Castro & the Painkillers LIVE @ Rams Head 04/19/26	select tracks from a front table. full set list at https://www.setlist.fm/setlist/tommy-castro-and-the-painkillers/2026/rams-head-on-stage-annapolis-md-13779d2d.html	https://www.youtube.com/playlist?list=PLJ7S-K0cjvGLtb1aRoFLetMbd6-L235sC	7
Every Breath You Take LIVE @ State Theatre (VA) 04/18/26	select tracks from the rail. From a "Police Cars" double bill with Side Cars Band. full set list at https://www.setlist.fm/setlist/new-yorks-finest/2026/the-state-theatre-falls-church-va-377a95f.html	https://www.youtube.com/playlist?list=PLJ7S-K0cjvGIKDjrG4B2k1cIgv436mkQX	5
Glen Hansard LIVE @ 9:30 Club (DC) 04/12/26	select tracks from the stage right balcony Margaret Glaspy supporting full set list at https://www.setlist.fm/setlist/glen-hansard/2026/930-club-washington-dc-b49b1c6.html	https://www.youtube.com/playlist?list=PLJ7S-K0cjvGJ_AJzzzZS7URxaiVizEbmD	9
Jake Xerxes Fussell LIVE @ Union Stage (DC) 04/11/26	Select tracks from the front Sam Amidon supporting full setlist at https://www.setlist.fm/setlist/jake-xerxes-fussell/2026/union-stage-washington-dc-13760919.html	https://www.youtube.com/playlist?list=PLJ7S-K0cjvGJ9p8rt-HoFfuuh1v0d1eij	9
The Wood Brothers LIVE @ 9:30 Club (DC) 12/4/25	Select tracks from https://www.setlist.fm/setlist/the-wood-brothers/2025/930-club-washington-dc-5345e3a5.html	https://www.youtube.com/playlist?list=PLJ7S-K0cjvGK7AcYJYEfialAIu5Ne2Gl4	5
Selwyn Birchwood LIVE @ Rams Head (MD) 6/7/25	Select tracks from https://www.setlist.fm/setlist/selwyn-birchwood/2025/rams-head-on-stage-annapolis-md-73474e69.html	https://www.youtube.com/playlist?list=PLJ7S-K0cjvGLMCRmYcXf22agPAwo10Huy	4
Maggie Rose LIVE @ Bethesda Theatre (MD) 12/20/25	Select tracks from https://www.setlist.fm/setlist/maggie-rose/2025/bethesda-theater-bethesda-md-434cd30f.html	https://www.youtube.com/playlist?list=PLJ7S-K0cjvGINCL-TF07bDGsze287jivp	5
Bywater Call LIVE @ Pearl Street Warehouse (DC) 9/23/25	Select tracks from https://www.setlist.fm/setlist/bywater-call/2025/pearl-street-warehouse-washington-dc-6b434606.html	https://www.youtube.com/playlist?list=PLJ7S-K0cjvGImZy7ronwbyrOd43oA-mXd	4
Robert Randolph LIVE @ The Atlantis (DC) 8/28/25	Select tracks from https://www.setlist.fm/setlist/robert-randolph/2025/the-atlantis-washington-dc-b437d1e.html	https://www.youtube.com/playlist?list=PLJ7S-K0cjvGJLwOInuasCS8DAtGB7ZGKm	5
Eric Johanson LIVE @ Jammin' Java (VA) 8/3/25	Select tracks from https://www.setlist.fm/setlist/eric-johanson/2025/jammin-java-vienna-va-63471ac7.html	https://www.youtube.com/playlist?list=PLJ7S-K0cjvGK8siqoCKFwSVzb8r-aTVux	5
Barenaked Ladies LIVE @ Wolf Trap (VA) 7/16/25	Select tracks from https://www.setlist.fm/setlist/barenaked-ladies/2025/wolf-trap-farm-park-filene-center-vienna-va-3b5a007c.html	https://www.youtube.com/playlist?list=PLJ7S-K0cjvGKnd6sLuZD3I5ZcH7m_FKip	9
J. P. Soars LIVE @ JV's (VA) 7/13/25	Select tracks from https://www.setlist.fm/setlist/j-p-soars/2025/jvs-live-music-room-falls-church-va-2342bc33.html	https://www.youtube.com/playlist?list=PLJ7S-K0cjvGL98faCVXHXqwCbpeLztqWO	5
North Mississippi Allstars LIVE @ Rams Head (MD) 7/11/25	Select tracks from https://www.setlist.fm/setlist/north-mississippi-allstars/2025/rams-head-on-stage-annapolis-md-3345580d.html	https://www.youtube.com/playlist?list=PLJ7S-K0cjvGKW6qYwcL6OAURkxZM2bBXg	5
Yasmin Williams LIVE @ Birchmere (VA) 2/7/25	Select tracks from https://www.setlist.fm/setlist/yasmin-williams/2025/the-birchmere-alexandria-va-235a287f.html	https://www.youtube.com/playlist?list=PLJ7S-K0cjvGITzWjn5xZ1ipXgr0iHKuRa	4
Vanessa Collier LIVE @ Collective Encore (MD) 1/31/25	Select tracks from https://www.setlist.fm/setlist/vanessa-collier/2025/the-collective-encore-columbia-md-35a8143.html	https://www.youtube.com/playlist?list=PLJ7S-K0cjvGInas_WA9iBbgWHQnn3BS5b	3
New York's Finest LIVE @ Collective Encore (MD) 1/24/25	Select tracks from https://www.setlist.fm/setlist/new-yorks-finest/2025/the-collective-encore-columbia-md-435d635b.html	https://www.youtube.com/playlist?list=PLJ7S-K0cjvGL5ue9R0AwEi0lm4oDO9TJz	3
Tab Benoit LIVE @ Birchmere (VA) 12/17/24	Select tracks from https://www.setlist.fm/setlist/tab-benoit/2024/the-birchmere-alexandria-va-7b5f5af0.html	https://www.youtube.com/playlist?list=PLJ7S-K0cjvGKYz7J-iKrhJWbVvxkBCVbK	4
New York's Finest LIVE @ State Theatre (VA) 12/7/24	Select tracks from https://www.setlist.fm/setlist/new-yorks-finest/2024/the-state-theatre-falls-church-va-35f312f.html	https://www.youtube.com/playlist?list=PLJ7S-K0cjvGKiwUTspiwAj7wnnVWQgKpE	2
Allison Russell LIVE @ Birchmere (VA) 12/10/23	Select tracks from https://www.setlist.fm/setlist/allison-russell/2023/the-birchmere-alexandria-va-2bae08ca.html	https://www.youtube.com/playlist?list=PLJ7S-K0cjvGKiu9D23lUv6bKPDFn4yeF0	3
Selwyn Birchwood LIVE @ Collective Encore (MD) 03/29/26	select tracks from a front table - album "launch" for Electric Swamp Funkin' Blues full set list at https://www.setlist.fm/setlist/selwyn-birchwood/2026/the-collective-encore-columbia-md-5376b7d9.html	https://www.youtube.com/playlist?list=PLJ7S-K0cjvGIZnMv8L1lmg--gJ4Q37YSt	4
Joanne Shaw Taylor LIVE @ Rams Head (MD) 3/28/26	Select tracks from https://www.setlist.fm/setlist/joanne-shaw-taylor/2026/rams-head-on-stage-annapolis-md-4b4f67b6.html	https://www.youtube.com/playlist?list=PLJ7S-K0cjvGJS_3J_95MsgUrbC8imcUp2	6
Wu-Tang Clan LIVE @ Capital One Arena (DC) 9/26/23	Select tracks from https://www.setlist.fm/setlist/nas/2023/capital-one-arena-washington-dc-ba3911a.html	https://www.youtube.com/playlist?list=PLJ7S-K0cjvGK4_7RjVC1MRnJTCwfHGCEK	3
Sonny Landreth LIVE @ Hamilton Live (DC) 9/13/23	Select tracks from https://www.setlist.fm/setlist/sonny-landreth/2023/the-hamilton-live-washington-dc-73a20ac5.html	https://www.youtube.com/playlist?list=PLJ7S-K0cjvGJhkjsjcbfiUv4e8_hLVhft	9
Kingsley Flood LIVE @ Pearl Street Warehouse (DC) 9/9/23	Select tracks from https://www.setlist.fm/setlist/kingsley-flood/2023/pearl-street-warehouse-washington-dc-23a2345b.html	https://www.youtube.com/playlist?list=PLJ7S-K0cjvGJMcYYmWW2UerHUKh5Ae3zC	6
Oh He Dead LIVE @ 9:30 Club (DC) 9/2/23	Select tracks from https://www.setlist.fm/setlist/oh-he-dead/2023/930-club-washington-dc-33a21cbd.html	https://www.youtube.com/playlist?list=PLJ7S-K0cjvGINzsNdq52NtGkKkLliLdLS	7
Ally Venable Band LIVE @ Rams Head (MD) 6/28/23	Select tracks from https://www.setlist.fm/setlist/ally-venable-band/2023/rams-head-on-stage-annapolis-md-2ba7ac96.html	https://www.youtube.com/playlist?list=PLJ7S-K0cjvGI3fSqrqTVvnGB99cRMaw9g	2
George Clinton & Parliament-Funkadelic LIVE @ 9:30 Club (DC) 12/31/22	Select tracks from https://www.setlist.fm/setlist/george-clinton-and-parliament-funkadelic/2022/930-club-washington-dc-5bbc23c4.html	https://www.youtube.com/playlist?list=PLJ7S-K0cjvGLuf3BNwauq6FFAB7D_GD6Y	3
Ana Popović LIVE @ Pearl Street Warehouse (DC) 12/14/22	Select tracks from https://www.setlist.fm/setlist/ana-popovi/2022/pearl-street-warehouse-washington-dc-bbc9dae.html	https://www.youtube.com/playlist?list=PLJ7S-K0cjvGL4a-pQWYM0DD2wgLTnXSQh	8
Tab Benoit LIVE @ State Theatre (VA) 11/17/22	Select tracks from https://www.setlist.fm/setlist/tab-benoit/2022/the-state-theatre-falls-church-va-5bbfafe0.html	https://www.youtube.com/playlist?list=PLJ7S-K0cjvGLs3ywdllvMHq8-yks2Ge8J	2
Willie Nelson LIVE @ Outlaw Music Festival 2022 9/17/22	Select tracks from https://www.setlist.fm/setlist/willie-nelson/2022/merriweather-post-pavilion-columbia-md-4bb00396.html	https://www.youtube.com/playlist?list=PLJ7S-K0cjvGK8pLI8VJvEhecS93sNR2Ha	3
Oliver Wood LIVE @ The Patio Stage at Strathmore 7/11/21	Select tracks from https://www.setlist.fm/setlist/oliver-wood/2021/the-patio-stage-at-strathmore-north-bethesda-md-2ba73086.html	https://www.youtube.com/playlist?list=PLJ7S-K0cjvGJ8_L4MEMHAg1vtaHcliBxw	2
ZZ Ward LIVE @ Birchmere (VA) 3/21/26	Select tracks from https://www.setlist.fm/setlist/zz-ward/2026/the-birchmere-alexandria-va-13492945.html	https://www.youtube.com/playlist?list=PLJ7S-K0cjvGIk2rhlv1Qix5WAIv7VS2sh	10
Billy Gibbons LIVE @ Birchmere (VA) 2/23/26	Select tracks from https://www.setlist.fm/setlist/billy-gibbons-and-the-bfgs/2026/the-birchmere-alexandria-va-1b4f3574.html	https://www.youtube.com/playlist?list=PLJ7S-K0cjvGJUiDOYiGCbP2dTVU7sEd7h	8
Buddy Guy, Kingfish Ingram, Judith Hill LIVE @ Wolf Trap 6/21/25	Select tracks from https://www.setlist.fm/setlist/buddy-guy/2025/wolf-trap-farm-park-filene-center-vienna-va-b5a69ae.html	https://www.youtube.com/playlist?list=PLJ7S-K0cjvGI2XFLEzXJSJV_CByZinWW7	6
Matteo Mancuso LIVE @ Hamilton Live (DC) 2/21/26	Select tracks from https://www.setlist.fm/setlist/matteo-mancuso/2026/the-hamilton-live-washington-dc-6b4bdaa2.html	https://www.youtube.com/playlist?list=PLJ7S-K0cjvGLOY4QvTfNsXWVLCZ2_T4xt	5
Mohini Dey LIVE @ Birchmere (VA) 2/19/26	Select tracks from https://www.setlist.fm/setlist/mohini-dey/2026/the-birchmere-alexandria-va-434b4777.html	https://www.youtube.com/playlist?list=PLJ7S-K0cjvGIrBfrFMqc2hflHRYxRUeEr	4
Sue Foley LIVE @ Hamilton Live (DC) 3/11/26	Select tracks from https://www.setlist.fm/setlist/sue-foley/2026/the-hamilton-live-washington-dc-2b49a0ba.html	https://www.youtube.com/playlist?list=PLJ7S-K0cjvGK1QRya3q0fMDdldwavQMOv	10
Albert Castiglia LIVE @ Rams Head (MD) 3/7/26	Select tracks from https://www.setlist.fm/setlist/albert-castiglia/2026/rams-head-on-stage-annapolis-md-b4865a2.html	https://www.youtube.com/playlist?list=PLJ7S-K0cjvGL-ciW4iOu0X5M1AcpEsnNm	5
Kingsley Flood LIVE @ Jammin' Java (VA) 1/31/26	Select tracks from https://www.setlist.fm/setlist/kingsley-flood/2026/jammin-java-vienna-va-2b4bacba.html	https://www.youtube.com/playlist?list=PLJ7S-K0cjvGI-9qRYp7ISf4w3k3V5E0on	9
Ana Popovic LIVE @ Rams Head (MD) 1/11/26	Select tracks from https://www.setlist.fm/setlist/ana-popovi/2026/rams-head-on-stage-annapolis-md-434f67bf.html	https://www.youtube.com/playlist?list=PLJ7S-K0cjvGKxh-vqodYy5l2HAY-Cg3je	5
Enter the Haggis LIVE @ City Winery (DC) 10/27/22	Select tracks from https://www.setlist.fm/setlist/enter-the-haggis/2022/city-winery-washington-dc-2ba7309e.html	https://www.youtube.com/playlist?list=PLJ7S-K0cjvGLVO3CKo8c2CfC9_J3M56HR	4
Judith Hill LIVE @ Hamilton Live (DC) 10/8/25	Select tracks from https://www.setlist.fm/setlist/judith-hill/2025/the-hamilton-live-washington-dc-b417592.html	https://www.youtube.com/playlist?list=PLJ7S-K0cjvGIrGkEQ-gvOHmWxeHex9CPa	5
Amythyst Kiah LIVE @ Jammin' Java (VA) 7/21/25	Select tracks from https://www.setlist.fm/setlist/amythyst-kiah/2025/jammin-java-vienna-va-5b47af30.html	https://www.youtube.com/playlist?list=PLJ7S-K0cjvGKDVTswOCN1kpjAQVsBh-fm	8
Eric Gales LIVE @ Rams Head (MD) 6/19/25	Select tracks from https://www.setlist.fm/setlist/eric-gales/2025/rams-head-on-stage-annapolis-md-7b440278.html	https://www.youtube.com/playlist?list=PLJ7S-K0cjvGLRzshmoohvw5SyewPMRBcf	4
The War and Treaty LIVE @ Howard Theatre (DC) 4/11/25	Select tracks from https://www.setlist.fm/setlist/the-war-and-treaty/2025/the-howard-theatre-washington-dc-b59312e.html	https://www.youtube.com/playlist?list=PLJ7S-K0cjvGJ0oxlwovpXG26gHAMR0ViG	6
Suzanne Vega LIVE @ Lincoln Theatre (DC) 6/10/25	Select tracks from https://www.setlist.fm/setlist/suzanne-vega/2025/lincoln-theatre-washington-dc-5347af39.html	https://www.youtube.com/playlist?list=PLJ7S-K0cjvGK5nb1sCthFnLvqdYbJI_tD	6
Jax Hollow LIVE @ Rams Head (MD) 7/17/25	Select tracks from https://www.setlist.fm/setlist/jax-hollow/2025/rams-head-on-stage-annapolis-md-b428186.html	https://www.youtube.com/playlist?list=PLJ7S-K0cjvGJqpoD9UT_BtMYghkC91Vqr	6
D.K. Harrell LIVE @ Jammin' Java (VA) 8/19/25	Select tracks from https://www.setlist.fm/setlist/dk-harrell/2025/jammin-java-vienna-va-5b4303c0.html	https://www.youtube.com/playlist?list=PLJ7S-K0cjvGLG-WCQPCyCMvPy5mhfmOym	6
Christone "Kingfish" Ingram LIVE @ Baltimore Soundstage 9/24/25	select tracks from the rail full set list at https://www.setlist.fm/setlist/christone-kingfish-ingram/2025/baltimore-soundstage-baltimore-md-4b47af36.html	https://www.youtube.com/playlist?list=PLJ7S-K0cjvGIRp58p0ZK_whWMsFRNnYmN	7
Alabama Shakes LIVE @ The Anthem (DC) 9/19/25	Select tracks from https://www.setlist.fm/setlist/alabama-shakes/2025/the-anthem-washington-dc-135a05d5.html	https://www.youtube.com/playlist?list=PLJ7S-K0cjvGKuIHQkITzIRpAiSxah3hpx	7
North Mississippi Allstars LIVE @ Wolf Trap Barns (VA) 11/8/25	Select tracks from https://www.setlist.fm/setlist/north-mississippi-allstars/2025/wolf-trap-farm-park-the-barns-vienna-va-342d9e3.html	https://www.youtube.com/playlist?list=PLJ7S-K0cjvGKXGlxcjXwWHadud4tZUOYn	7
Ruthie Foster LIVE @ Hamilton Live (DC) 10/26/25	Select tracks from https://www.setlist.fm/setlist/ruthie-foster/2025/the-hamilton-live-washington-dc-1340e9ad.html	https://www.youtube.com/playlist?list=PLJ7S-K0cjvGLZWb0lcUzPfC917AfzTCz0	9
Jackie Venson LIVE @ Hamilton Live (DC) 10/15/25	Select tracks from https://www.setlist.fm/setlist/jackie-venson/2025/the-hamilton-live-washington-dc-340e9af.html	https://www.youtube.com/playlist?list=PLJ7S-K0cjvGKYTwXZMX8huYuTgbPF-_Qh	10
Tommy Emmanuel LIVE @ Lincoln Theatre (DC) 10/21/25	Select tracks from https://www.setlist.fm/setlist/tommy-emmanuel/2025/lincoln-theatre-washington-dc-4b47af2a.html	https://www.youtube.com/playlist?list=PLJ7S-K0cjvGLOAzoPhVXBV1lHGD1YliMK	8
Taj Farrant LIVE @ Rams Head 3/18/26 - 16 years old!	the mustache is a valiant try. the guitar chops are otherworldly @TajFarrant_Official select tracks from table 100 full set list at https://www.setlist.fm/setlist/taj-farrant/2026/rams-head-on-stage-annapolis-md-5b49e780.html	https://www.youtube.com/playlist?list=PLJ7S-K0cjvGITbEz4XzY8rKKsccjbhrNs	7
Danielle Nicole Band LIVE @ Hamilton Live (DC) 03/20/26	@DanielleNicoleOfficial @brodybustermusic supporting select tracks from a front table, full set list is at https://www.setlist.fm/setlist/danielle-nicole/2026/the-hamilton-live-washington-dc-33492cc1.html	https://www.youtube.com/playlist?list=PLJ7S-K0cjvGK3qhHKzR5rVBeqtngvi8bL	7
Songs for My Funeral	This life ends When, not if Then how do we live What do we chase Who counts What matters Sing about it Play it Feel it When, not if	https://www.youtube.com/playlist?list=PLJ7S-K0cjvGJHuI-kagxZUfN9fOaVV2ET	26
Vanessa Collier LIVE - Valentine's 2026 at Rams Head, Annapolis	selected tracks from a front table full set list at https://www.setlist.fm/setlist/vanessa-collier/2026/rams-head-on-stage-annapolis-md-734bdaad.html	https://www.youtube.com/playlist?list=PLJ7S-K0cjvGKQ2CFf3oqeisdJqbfkRiEn	4
Keb' Mo' LIVE solo - Maryland Hall, Annapolis 11/21/25	Select tracks from stage right box. Anthony D'Amato supporting	https://www.youtube.com/playlist?list=PLJ7S-K0cjvGIJeMAfrYxV5O1pJ_KudwHk	7
Sparkbird LIVE headlining show @ Richmond Music Hall (VA) 11/17/25	Select tracks from the stage left corner. Sparkbird with support from Sushi Soucy and opener Spartan Jet-Plex Full set list at https://www.setlist.fm/setlist/sparkbird/2025/richmond-music-hall-richmond-va-3b4f708c.html	https://www.youtube.com/playlist?list=PLJ7S-K0cjvGJXlHQOOX3YMrd51HE0zslb	11
Lone Bellow LIVE @ Union Stage (DC) 11/14/2025	VIP preshow unamplified, plus select tracks from the rail @lonebellow with @nicoleatkins78 supporting Full set list at https://www.setlist.fm/setlist/the-lone-bellow/2025/union-stage-washington-dc-13417595.html	https://www.youtube.com/playlist?list=PLJ7S-K0cjvGLOmu4ETmoyci5Dn-FNfBNG	15
Jon Batiste LIVE @ The Anthem (DC)	select songs from the rail at the closing performance of the 2025 Big Money Tour	https://www.youtube.com/playlist?list=PLJ7S-K0cjvGIfDv8WQkTrJMl5dMebJVHU	7
Hozier LIVE in Bristow, VA 9/16/2025 (night 1 of 2)	4 songs from the 100 level stage left full set list at https://www.setlist.fm/setlist/hozier/2025/jiffy-lube-live-bristow-va-b5ac182.html	https://www.youtube.com/playlist?list=PLJ7S-K0cjvGIL3wIXd8f_6SbTCQG7tixp	4
The Heavy Heavy LIVE @ Atlantis (DC) 6/13/25	Select tracks from the balcony, Judy Blank supporting full set lists at https://www.setlist.fm/setlist/the-heavy-heavy/2025/the-atlantis-washington-dc-43467f47.html and https://www.setlist.fm/setlist/judy-blank/2025/the-atlantis-washington-dc-5b4493f8.html	https://www.youtube.com/playlist?list=PLJ7S-K0cjvGKE-rgw0yfTicqHg7FQpfTs	7
TajMo LIVE Taj Mahal and Keb Mo @ Wolf Trap 6/8/25	select tracks from 3rd row Abraham Alexander supporting full set list at https://www.setlist.fm/setlist/tajmo-the-taj-mahal-and-keb-mo-band/2025/filene-center-at-wolf-trap-vienna-va-6b474e76.html	https://www.youtube.com/playlist?list=PLJ7S-K0cjvGICE4_wkwYVFlTSv2AUyAJA	9
Vanessa Collier - Can't Stand the Rain (bootlegs)	3 different shows, 3 different band configurations, one killer cover	https://www.youtube.com/playlist?list=PLJ7S-K0cjvGIHFoNHZ_Ei2gnPAyRUypeM	3
Ally Venable LIVE @ Rams Head (MD) 5/14/25	Money and Power Tour, select tracks from a front table. Full set list is at https://www.setlist.fm/setlist/ally-venable-band/2025/rams-head-on-stage-annapolis-md-3b47a818.html	https://www.youtube.com/playlist?list=PLJ7S-K0cjvGK7YleAlUlbka340H4j2ZMn	6
The Devil Makes Three LIVE @ 9:30 Club (DC) 5/11/25	select tracks from the stage right balcony, with Bridge City Sinners supporting. Full set list at https://www.setlist.fm/setlist/the-devil-makes-three/2025/930-club-washington-dc-6b46dae6.html	https://www.youtube.com/playlist?list=PLJ7S-K0cjvGLgrKItidPLi5YuYso-4NLY	10
Larkin Poe LIVE @ 9:30 Club (DC) 5/9/25	Select tracks from the rail. Amythyst Kiah supporting. full set list at https://www.setlist.fm/setlist/larkin-poe/2025/930-club-washington-dc-235c201f.html	https://www.youtube.com/playlist?list=PLJ7S-K0cjvGKO3gwaxYzLBTciOMvP5Cyv	12
Allison Russell LIVE @ Lincoln Theatre (DC) 5/3/25	All Returners Tour - select tracks from the center rail, including a couple from the VIP Soundcheck and Kara Jackson supporting full set list at https://www.setlist.fm/setlist/allison-russell/2025/lincoln-theatre-washington-dc-23590433.html	https://www.youtube.com/playlist?list=PLJ7S-K0cjvGLhMNgGJsjknOQBcRTzq_ia	10
Danielle Nicole Band LIVE @ Pearl Street Warehouse (DC) 5/2/25	select tracks from the balcony, with Brandon Miller supporting (acoustic opening set). Full set list at https://www.setlist.fm/setlist/danielle-nicole/2025/pearl-street-warehouse-washington-dc-3b46e4bc.html	https://www.youtube.com/playlist?list=PLJ7S-K0cjvGJ-YueR5L4sqdUpas1OW4C9	7
Valerie June LIVE @ Rams Head (MD) 4/18/25	Selected tracks from the table right in front of the mix. Jon Nuq opening. Full set list at https://www.setlist.fm/setlist/valerie-june/2025/rams-head-on-stage-annapolis-md-53594fcd.html	https://www.youtube.com/playlist?list=PLJ7S-K0cjvGL2WeBN9RzkhcyULTgAyY3Z	10
Cowboy Junkies LIVE @ Birchmere 4/9/25	Select tracks from a 2nd row table. 40th Anniversary tour. full set list https://www.setlist.fm/setlist/cowboy-junkies/2025/the-birchmere-alexandria-va-1b5a1dfc.html	https://www.youtube.com/playlist?list=PLJ7S-K0cjvGIIcC3tkXHchuYr7V_3pV5A	9
Experience Hendrix LIVE @ Warner Theatre (DC) 4/5/25	Select tracks from 2nd row stage right. Multiple artists including Zakk Wylde, Ally Venable, Kingfish Ingram, Samantha Fish, Kenny Wayne Shepherd, Henri Brown, Dylan Triplett, Eric Johnson, Mato Nanji, Noah Hunt full set list is at https://www.setlist.fm/setlist/experience-hendrix/2025/warner-theatre-washington-dc-335c2031.html	https://www.youtube.com/playlist?list=PLJ7S-K0cjvGIu1pcW5mvyNq0tY53dizvp	13
Southern Avenue LIVE @ Rams Head (MD) 3/21/25	They had played somewhere in PA at a Festival THAT MORNING select tracks from front row. Set list at https://setlist.fm/setlist/southern-avenue/2025/rams-head-on-stage-annapolis-md-2b582c5e.html	https://www.youtube.com/playlist?list=PLJ7S-K0cjvGL4moyHGhpCCs5cK8PhrXt3	11
ZZ Ward LIVE @ Birchmere 3/19/25	selected tracks from a front table Dirty Sun Tour - Liam St. John supporting full set lists https://www.setlist.fm/setlist/zz-ward/2025/the-birchmere-alexandria-va-6358e613.html and https://www.setlist.fm/setlist/liam-st-john/2025/the-birchmere-alexandria-va-6b58c68a.html	https://www.youtube.com/playlist?list=PLJ7S-K0cjvGLurgbIEooTWJbZCnMawdtX	13
Daniel Donato's Cosmic Country LIVE @ Hamilton Live (DC) 3/13/25	Night 1 of 2, Spring 2025 Tour select tracks from the front of a 2nd row table full set list at https://www.setlist.fm/setlist/daniel-donato/2025/the-hamilton-live-washington-dc-335be805.html	https://www.youtube.com/playlist?list=PLJ7S-K0cjvGI-YlhWCarU9ScFcHae5qtp	5
Enter the Haggis LIVE Farewell Tour @ Barns at Wolf Trap 2/26/25	Select tracks from the balcony. Full set list at https://www.setlist.fm/setlist/enter-the-haggis/2025/the-barns-at-wolf-trap-vienna-va-435b3767.html	https://www.youtube.com/playlist?list=PLJ7S-K0cjvGLMV7me9Pw-EeHdgp_Q4X_y	7
Mike Zito LIVE @ Hub City VInyl (MD) 2/27/25	Selected tracks from the second row. Supported by @KelliBakerMusic Full set list at https://www.setlist.fm/setlist/mike-zito/2025/hub-city-vinyl-hagerstown-md-635b2e13.html	https://www.youtube.com/playlist?list=PLJ7S-K0cjvGI30jX_mObnhmgkIBa2VQ7k	8
Sue Foley LIVE @ Hamilton Live 2/6/25	Select tracks from a front table. Acoustic set from One Guitar One Woman, 3 piece electric band for the main set full set list at https://www.setlist.fm/setlist/sue-foley/2025/the-hamilton-live-washington-dc-235ad41f.html	https://www.youtube.com/playlist?list=PLJ7S-K0cjvGL99d7kOWzlN98aXDM-qtL4	9
Galactic featuring Jelly Joseph LIVE @ 9:30 Club 1/30/25	select tracks from the stage right balcony. supported by Jah Works	https://www.youtube.com/playlist?list=PLJ7S-K0cjvGKFLy1E2wNp21OLCSmgS9va	7
Langhorne Slim & Oliver Wood LIVE @ Birchmere 1/22/25	Tour kickoff - select tracks from a front table. First set was Oliver, second set was Langhorne, they played together to finish. There were jacket jokes. Full set lists: https://www.setlist.fm/setlist/langhorne-slim/2025/the-birchmere-alexandria-va-4b5d7f26.html https://www.setlist.fm/setlist/oliver-wood/2025/the-birchmere-alexandria-va-535d7f25.html	https://www.youtube.com/playlist?list=PLJ7S-K0cjvGLnz-M5qfqM8y207uAcVXgf	12
Young Dubliners LIVE @ Pearl Street Wearhouse 1/10/25	the Feicin' Freezin' Tour @YoungDubliners Select tracks from the balcony supported by @LaUnicaIrishBand Full set lists: https://www.setlist.fm/setlist/the-young-dubliners/2025/pearl-street-warehouse-washington-dc-35d89df.html https://www.setlist.fm/setlist/la-unica/2025/pearl-street-warehouse-washington-dc-1b5d89d0.html	https://www.youtube.com/playlist?list=PLJ7S-K0cjvGJvW76f6a0oz1P_p7lysy58	11
Albert Castiglia Live @ JV's Restaurant - end of tour 12/22/24	select tracks from three Sunday night sets, including sit-ins from Bobby Thompson and Linwood Taylor full set list at https://www.setlist.fm/setlist/albert-castiglia/2024/jvs-restaurant-falls-church-va-535c87ad.html	https://www.youtube.com/playlist?list=PLJ7S-K0cjvGKBkLw_-ONXYf3x1LQ8XEPY	9
Ruf Records 30th Anniversary Tour LIVE @ Warner Theatre 11/20/24	Select tracks from stage left front row triple bill Ghalia Volt Canned Heat + Bernard Allison Samantha Fish + Mitch Ryder Set Lists https://www.setlist.fm/setlist/ghalia-volt/2024/warner-theatre-washington-dc-7b521e68.html https://www.setlist.fm/setlist/canned-heat/2024/warner-theatre-washington-dc-6b521e4e.html https://www.setlist.fm/setlist/samantha-fish/2024/warner-theatre-washington-dc-1352395d.html	https://www.youtube.com/playlist?list=PLJ7S-K0cjvGKgmK7pARDcQrZ9p3FoNcCe	13
Wood Brothers LIVE @ Strathmore Music Hall 11/16/24	Selected tracks from the orchestra tier (not front row). Lindsay Lou supporting Full set lists: https://www.setlist.fm/setlist/the-wood-brothers/2024/the-music-center-at-strathmore-north-bethesda-md-735eca99.html https://www.setlist.fm/setlist/lindsay-lou/2024/the-music-center-at-strathmore-north-bethesda-md-7b5eca64.html	https://www.youtube.com/playlist?list=PLJ7S-K0cjvGICF3dJDFJ04zWRyk6Bq65X	13
Albert Cummings LIVE @ Collective Encore (MD) 11/8/24	Selected tracks from a 2nd row table full set list at https://www.setlist.fm/setlist/albert-cummings/2024/the-collective-encore-columbia-md-235ebcf3.html	https://www.youtube.com/playlist?list=PLJ7S-K0cjvGKBKQzNYJqGCYaL5V4TJ9C9	6
Shemekia Copeland LIVE @ Rams Head On Stage (MD) 10/19/24	Select tracks from front row extreme left (into light) @shemekiacopeland464 full set list at https://www.setlist.fm/setlist/shemekia-copeland/2024/rams-head-on-stage-annapolis-md-3b503434.html	https://www.youtube.com/playlist?list=PLJ7S-K0cjvGL7HsVrGhfW41b3M5hPjRzX	8
Ana Popović LIVE @ Hamilton Live (DC) 10/16/24	Select tracks from a front table Full set list is at https://www.setlist.fm/setlist/ana-popovi/2024/the-hamilton-live-washington-dc-2b500482.html @CarlyHarveyMusic supporting	https://www.youtube.com/playlist?list=PLJ7S-K0cjvGL-lA1pN6EM6mo0nvqm4YCL	7
Jake Xerxes Fussell LIVE @ Songbyrd Music House (DC) 10/13/24	a few tracks from a few rows back full set list at https://www.setlist.fm/setlist/jake-xerxes-fussell/2024/songbyrd-music-house-washington-dc-63502e1b.html David Moore supporting	https://www.youtube.com/playlist?list=PLJ7S-K0cjvGLB0r3UiSx-6PQ6_skRE4dB	5
Vanessa Collier LIVE @ Hamilton Live (DC) 10/9/24	Selected tracks from a front table @VanessaCollier33 @SweetLedaVideo supporting. Full set list at https://www.setlist.fm/setlist/vanessa-collier/2024/the-hamilton-live-washington-dc-7b5096dc.html	https://www.youtube.com/playlist?list=PLJ7S-K0cjvGLUOdXZexCDUO1vE67aFAbK	10
Valerie June LIVE @ Publick Playhouse (MD) 10/5/24	selected tracks from the front row. Could use some help with a couple track titles! @valeriejune full set list at https://www.setlist.fm/setlist/valerie-june/2024/publick-playhouse-landover-md-5b50a358.html	https://www.youtube.com/playlist?list=PLJ7S-K0cjvGKDkeWVTzCEMe0xJv0cd9SQ	8
The Lone Bellow LIVE @ The Birchmere (10/4/24)	Select tracks from the pre-show meet and greet and the main set from a front table. @thelonebellow @taylorashtonmusic full set lists https://www.setlist.fm/setlist/the-lone-bellow/2024/the-birchmere-alexandria-va-3b50bc4c.html https://www.setlist.fm/setlist/taylor-ashton/2024/the-birchmere-alexandria-va-2350bc47.html	https://www.youtube.com/playlist?list=PLJ7S-K0cjvGJBpcSRwOfciHwhbssMAyAR	12
Soul Coughing @ 9:30 Club (DC) 9/28/24	Selected tracks from the back of the floor next to the mix table. We Said It Would Never Happen Tour Full set list: https://www.setlist.fm/setlist/soul-coughing/2024/930-club-washington-dc-1b5761fc.html	https://www.youtube.com/playlist?list=PLJ7S-K0cjvGKJath7-jUYRE2EuuNFRgU7	7
Suzanne Vega LIVE @ Birchmere 9/25/24	3 songs from VIP pre-show sound check and a lot of the main set from a front table @SuzanneVegaOfficial full set list is at https://www.setlist.fm/setlist/suzanne-vega/2024/the-birchmere-alexandria-va-33532419.html	https://www.youtube.com/playlist?list=PLJ7S-K0cjvGIgNjgQlo9xO44zF9N26kpc	19
Maryland Renaissance Festival Celtic Weekend 2024	Live music from various bands on various stages 9/22/24 The Rogues The Bards The Langers Ball Piper Jones The Freestylers of Piping	https://www.youtube.com/playlist?list=PLJ7S-K0cjvGJcQZO5RFCP06Me6E6aE40G	26
Marcus King LIVE @ Warner Theatre 9/19/24	select tracks from the balcony, first of two nights @realmarcusking Brittney Spencer supporting	https://www.youtube.com/playlist?list=PLJ7S-K0cjvGKYcbx20Js2RW2kdrs_db59	4
Selwyn Birchwood LIVE @ the Vault at Capital One Hall 9/18/24	select tracks from the front row @selwynbirchwoodyoutube @CarlyHarveyMusic full set lists https://www.setlist.fm/setlist/selwyn-birchwood/2024/capitol-one-hall-the-vault-tysons-corner-va-353f59b.html https://www.setlist.fm/setlist/carly-harvey/2024/capitol-one-hall-the-vault-tysons-corner-va-1b53f598.html	https://www.youtube.com/playlist?list=PLJ7S-K0cjvGL3rMKdh0de7S68Z2dP2YBu	10
Shawn James LIVE @ The Black Cat (DC) 9/12/24	Selected tracks from a couple rows behind the rail full set list https://www.setlist.fm/setlist/shawn-james/2024/the-black-cat-mainstage-washington-dc-3b53a010.html	https://www.youtube.com/playlist?list=PLJ7S-K0cjvGJyGnk6gREOypsrCxohHV0c	6
Vanessa Collier LIVE @ Rams Head (MD) 9/8/24	select tracks from a front table @VanessaCollier33 Full set list is at: https://www.setlist.fm/setlist/vanessa-collier/2024/rams-head-on-stage-annapolis-md-3524d03.html	https://www.youtube.com/playlist?list=PLJ7S-K0cjvGL_urhBlAaFymtZnIz9emb6	5
Kingsley Flood LIVE @ Pearl Street Warehouse (DC) 9/7/24	Selected tracks from the balcony. Beanstalk Library supporting @kingsleyflood @thebeanstalklibrary Full set list https://www.setlist.fm/setlist/kingsley-flood/2024/pearl-street-warehouse-washington-dc-5b525ffc.html	https://www.youtube.com/playlist?list=PLJ7S-K0cjvGJJApKUiWmOTWChNiQRkZtc	10
Walter Trout LIVE @ Rams Head (MD) 9/4/24	A few tracks from a front table @TheWalterTrout - Guitar and Vocals Micheal Leasure - Drums John Avila - Bass Richard T Bear - Keyboards @BrettSmithDaniels - Guitar full set list https://www.setlist.fm/setlist/walter-trout/2024/rams-head-on-stage-annapolis-md-13521d7d.html	https://www.youtube.com/playlist?list=PLJ7S-K0cjvGKfeAkck2WbpOlrNgDuG5dY	3
Republican speakers at the Democratic National Convention	Add description	https://www.youtube.com/playlist?list=PLJ7S-K0cjvGIWeDwe-Uvcmrly6wqHKnSS	2
Sue Foley LIVE @ Hamilton Live (DC) 8/23/24	Select tracks from a front table, including some acoustic solo Four videos were removed from this playlist due to a copyright strike claim from @SueFoleyOfficial - they were Pinky's Blues, New Used Car, Fool's Gold and a Bessie Smith cover - Send Me to the 'Lectric Chair Full set list: https://www.setlist.fm/setlist/sue-foley/2024/the-hamilton-live-washington-dc-b528dca.html	https://www.youtube.com/playlist?list=PLJ7S-K0cjvGKGNIaZgK0JUXFghD2lOzV-	5
Playing for Joe	Add description	https://www.youtube.com/playlist?list=PLJ7S-K0cjvGL8ztCEmG2Nb0aFjTCow-MB	8
Slash S.E.R.P.E.N.T. Festival LIVE Cary, NC 8/7/24	Selected tracks from the rain in row 4. Lineup 1. Robert Randolph & the Family Band @rrtfb (with special unbilled guest Eric Gales @EricGalesBand) 2. ZZ Ward @zzward 3. Larkin Poe @LarkinPoe 4. Slash's Blues Band @SlashOfficial (guitar) Teddy Andreadis (keyboards, vocals), Johnny Griparic (bass), Michael Jerome (drums), Tash Neal (guitar, vocals) Set lists https://www.setlist.fm/setlist/robert-randolph-and-the-family-band/2024/koka-booth-amphitheatre-cary-nc-b56e5da.html https://www.setlist.fm/setlist/zz-ward/2024/koka-booth-amphitheatre-cary-nc-7b55e268.html https://www.setlist.fm/setlist/larkin-poe/2024/koka-booth-amphitheatre-cary-nc-5b55e38c.html https://www.setlist.fm/setlist/slash/2024/koka-booth-amphitheatre-cary-nc-23a92c9f.html	https://www.youtube.com/playlist?list=PLJ7S-K0cjvGITFWPmAMpvg29Ddt0eOJ8Z	18
Pretenders LIVE @ Warner Theatre (DC) 07/20/2024	first night of 2. Selected tracks from the balcony, before the ushers got militant on Chrissie Hynde's behalf Full set list https://www.setlist.fm/setlist/pretenders/2024/warner-theatre-washington-dc-7b542eb4.html	https://www.youtube.com/playlist?list=PLJ7S-K0cjvGLhKMKlX67yv-vqCePMfK67	7
Tab Benoit & Anders Osborne with Mike Zito LIVE @ Birchmere 7/18/24	Selected tracks from the front row. Full set lists https://www.setlist.fm/setlist/tab-benoit-and-anders-osborne/2024/the-birchmere-alexandria-va-43541f3b.html https://www.setlist.fm/setlist/mike-zito/2024/the-birchmere-alexandria-va-3543ddf.html	https://www.youtube.com/playlist?list=PLJ7S-K0cjvGLQ0rQ4vl_o2MwmwbkY9ZGS	8
Los Lobos LIVE @ Birchmere 7/10/24	select tracks from the front table in front of Cesar Rosas full set list https://www.setlist.fm/setlist/los-lobos/2024/the-birchmere-alexandria-va-3babd068.html	https://www.youtube.com/playlist?list=PLJ7S-K0cjvGLGGkKEPx2ZMpqb7clYETJ4	7
Alannis Morissette and Joan Jett LIVE @ Merriweather Post (MD) 06/29/24	selected tracks from stage left pavilion supported by @morganwade set lists https://www.setlist.fm/setlist/alanis-morissette/2024/merriweather-post-pavilion-columbia-md-1ba94d2c.html https://www.setlist.fm/setlist/joan-jett-and-the-blackhearts/2024/merriweather-post-pavilion-columbia-md-ba94d2e.html	https://www.youtube.com/playlist?list=PLJ7S-K0cjvGIL7RFtTk_mv4CdOcgXfcXK	14
Mikaela Davis LIVE @ Pearl Street Warehouse 06/25/24	Select tracks from the balcony Rich Ruth supporting	https://www.youtube.com/playlist?list=PLJ7S-K0cjvGLqwgMrIFdIeFpLjgkwVFdj	8
Kingfish Ingram LIVE @ Fillmore Siliver Spring (MD) 06/27/24	Select tracks from the rail @callmekingfish @mathaislattin supporting	https://www.youtube.com/playlist?list=PLJ7S-K0cjvGLSwIQC01VwRxLlxqUnZBWz	13
Buffalo Nichols LIVE @ Jammin' Java (VA) 06/21/24	From a table. Small crowd included two dudes with a talent for standing directly between the camera and the performers. Spencer Tate @spentatemusic on mandolin, violin	https://www.youtube.com/playlist?list=PLJ7S-K0cjvGJwOsdmmjRcGoEYN1sV3c5A	14
Trombone Shorty LIVE @ Wolf Trap 6/15/24	from the pavilion side aisle, with Danielle Ponder supporting Set list https://www.setlist.fm/setlist/trombone-shorty-and-orleans-avenue/2024/filene-center-at-wolf-trap-vienna-va-5357a3b9.html @TromboneShorty @DaniellePonderMusic	https://www.youtube.com/playlist?list=PLJ7S-K0cjvGLRcJ_b6KjSHQoN2MXgWR6m	10
PIXIES + Modest Mouse + Cat Power LIVE @ Merriweather Post (MD) 6/14/24	A handful of obstructed view tracks from the lawn. It rained. Full headliner set list https://www.setlist.fm/setlist/pixies/2024/merriweather-post-pavilion-columbia-md-53ab3f19.html	https://www.youtube.com/playlist?list=PLJ7S-K0cjvGIa_flRON67W-_MVRCRtOeI	5
John Hiatt LIVE @ Birchmere 6/10/24	From a front table Set list https://www.setlist.fm/setlist/john-hiatt/2024/the-birchmere-alexandria-va-3a82537.html @rebeccaportermusic in support	https://www.youtube.com/playlist?list=PLJ7S-K0cjvGISANJyMAJ1gCg8p5oOmiVM	18
Gary Clark Jr. LIVE @ Wolf Trap (VA) 6/9/24	From the balcony of the Filene Center Set List: https://www.setlist.fm/setlist/gary-clark-jr/2024/filene-center-at-wolf-trap-vienna-va-33ab0035.html	https://www.youtube.com/playlist?list=PLJ7S-K0cjvGKgXKH8T7GjfJJu0GmHrxb2	8
Jackie Venson LIVE @ Color Burst Park (MD) 6/6/24	Live from the lawn - a few dancers in front of me on a couple of tracks	https://www.youtube.com/playlist?list=PLJ7S-K0cjvGJnT3CCr-E4JMjgbYldszpN	13
Sonny Landreth & The Iguanas LIVE @ Hamilton Live (DC) 5/16/24	Selected tracks from a front table Louisiana Calling tour kickoff Set List https://www.setlist.fm/setlist/sonny-landreth/2024/the-hamilton-live-washington-dc-13a9614d.html	https://www.youtube.com/playlist?list=PLJ7S-K0cjvGJlmjVUQxN4GKBngP4katI3	14
Oh He Dead & The North Country LIVE @ 9:30 Club 5/15/24	select tracks from stage right balcony triple bill included Wild Child set list https://www.setlist.fm/setlist/oh-he-dead/2024/930-club-washington-dc-23a90803.html	https://www.youtube.com/playlist?list=PLJ7S-K0cjvGLHAeFlPXKijx2VHSF1TeDy	7
Joanne Shaw Taylor LIVE @ Maryland Theatre (MD) 4/26/24	Selected tracks from stage right orchestra box Full set list is at https://www.setlist.fm/setlist/joanne-shaw-taylor/2024/maryland-theatre-hagerstown-md-53a87761.html	https://www.youtube.com/playlist?list=PLJ7S-K0cjvGLdfcbKWoSJvtjjp2oe9VlD	8
Vanessa Collier LIVE @ Collective Encore (MD) 4/19/24	Almost the full set, from a 3rd row table. @VanessaCollier33 Set list is https://www.setlist.fm/setlist/vanessa-collier/2024/the-collective-encore-columbia-md-13a8e909.html	https://www.youtube.com/playlist?list=PLJ7S-K0cjvGLrF2n1H6TcKZBHpmBGM-WS	9
JJ Grey & Mofro LIVE @ Fillmore Silver Spring (MD) 4/13/24	Select tracks from the rail @JJGreyMusic The loud woman on the rail next to me had an intense and slightly drunken crush on JJ Full set list here: https://www.setlist.fm/setlist/jj-grey-and-mofro/2024/the-fillmore-silver-spring-silver-spring-md-4ba8af82.html	https://www.youtube.com/playlist?list=PLJ7S-K0cjvGJLdAoc6LBtfOH4gjwK-4l9	7
Judith Hill LIVE @ Fillmore Silver Spring 4/13/24	Selected tracks from the rail Opening in support of JJ Grey & Mofro Set list is at https://www.setlist.fm/setlist/judith-hill/2024/the-fillmore-silver-spring-silver-spring-md-43a8af87.html	https://www.youtube.com/playlist?list=PLJ7S-K0cjvGJwry23WeMLXFu7YQGlpZ4X	3
Danielle Nicole LIVE @ Hamilton Live 4/12/24	Select tracks from a front table for @DanielleNicoleBand Mallow Hill opening @mallowhillmusic (external mic test run) Set list is at https://www.setlist.fm/setlist/danielle-nicole/2024/the-hamilton-live-washington-dc-73a8aa89.html	https://www.youtube.com/playlist?list=PLJ7S-K0cjvGKgj5HWpltrn_C4Bgtfs68V	10
Shovels & Rope LIVE @ Rams Head (MD) 4/10/24	Selected tracks from just in front of the mix Lotta people transiting in front of me Al Olender opening @AlOlender @shovelsandrope printed set list was: https://www.setlist.fm/setlist/shovels-and-rope/2024/rams-head-on-stage-annapolis-md-3a8bd97.html	https://www.youtube.com/playlist?list=PLJ7S-K0cjvGIFGFSF-fLwVbEHvIR9g-pK	9
New York's Finest (Police tribute) LIVE @ Collective Encore (MD) 3/30/24	Selected tracks from a front table. Grabbed mostly deep cuts, but they did all the hits and a couple of Sting solo tracks as well. Cha! full set list https://www.setlist.fm/setlist/new-yorks-finest/2024/the-collective-encore-columbia-md-6bab2a96.html @finestpolicetributeband6673 are: Mark Rinzel, bass & lead vocal Oscar Bautista, guitar & vocals Alan Camlet. drums & vocals https://finestpolicetribute.com/ https://www.youtube.com/@finestpolicetributeband6673	https://www.youtube.com/playlist?list=PLJ7S-K0cjvGKV8dmIhHhH3LRq66gSB9CT	8
Jon Batiste LIVE @ Warner Theatre (DC) 3/21/24	selected tracks from 5th row center. Special unbilled appearance by Trombone Shorty!	https://www.youtube.com/playlist?list=PLJ7S-K0cjvGJuLiT_KdGO02wIRGYMWAHv	10
Rhiannon Giddens LIVE @ Music Center at Strathmore (MD) 3/18/24	Charly Henry opened. Selected tracks from halfway back Orchestra. Full set list at https://www.setlist.fm/setlist/rhiannon-giddens/2024/the-music-center-at-strathmore-north-bethesda-md-33aa1425.html	https://www.youtube.com/playlist?list=PLJ7S-K0cjvGIXXPiJ7EZzNXDfS4lMfgqx	5
Enter the Haggis LIVE @ Hamilton Live (DC) 3/9/24	Selected tracks from a front table. Trevor Lewington was absent, so the set list was not as planned. Full set list at https://www.setlist.fm/setlist/enter-the-haggis/2024/the-hamilton-live-washington-dc-2baaf002.html	https://www.youtube.com/playlist?list=PLJ7S-K0cjvGI_QSHgfR5JfwJeRyIDl6IW	8
Trombone Shorty & Orleans Avenue LIVE @ Hollywood Casino (WV) 3/2/24	Selected tracks from 6th row center Full set list at https://www.setlist.fm/setlist/troy-trombone-shorty-andrews-and-orleans-avenue/2024/the-event-center-at-hollywood-casino-ranson-wv-1bad49ac.html	https://www.youtube.com/playlist?list=PLJ7S-K0cjvGI-rUROrCAFQXyv12XRnypG	7
Selwyn Birchwood LIVE @ Collective Encore 2/25/24	Selected tracks from a front table. Full set list at https://www.setlist.fm/setlist/selwyn-birchwood/2024/the-collective-encore-columbia-md-6bad0afa.html	https://www.youtube.com/playlist?list=PLJ7S-K0cjvGJVT2D2wyr7quX0dlVx6FPB	7
Joe Bonamassa LIVE @ MGM National Harbor 2/24/24	selected tracks from the front row stage right full set list https://www.setlist.fm/setlist/joe-bonamassa/2024/the-theater-at-mgm-national-harbor-national-harbor-md-1bad39a8.html	https://www.youtube.com/playlist?list=PLJ7S-K0cjvGK4BVPC2dM64vnOaegW09jL	4
Brittany Howard LIVE @ 9:30 Club (DC) 2/21/24	Selected tracks from the stage left balcony Full set list https://www.setlist.fm/setlist/brittany-howard/2024/930-club-washington-dc-73addae1.html	https://www.youtube.com/playlist?list=PLJ7S-K0cjvGJmG4xyZZvbCuIshBz0YDOW	6
Eric Gales LIVE @ Hamilton Live (DC) 2/20/24	Selected tracks from the front row With Artur Menezes supporting full set list https://www.setlist.fm/setlist/eric-gales/2024/the-hamilton-live-washington-dc-2bade40a.html	https://www.youtube.com/playlist?list=PLJ7S-K0cjvGJdK5OxTfFL4GWBWDqq4rxz	6
Stevie Nicks LIVE @ Baltimore (CFG Bank Arena 2/17/24)	Selected tracks, mid-floor left center aisle Full set list: https://www.setlist.fm/setlist/stevie-nicks/2024/cfg-bank-arena-baltimore-md-4bad8b46.html	https://www.youtube.com/playlist?list=PLJ7S-K0cjvGJcFE5sqT_9vcUWZalieoP9	9
Jessie's Girl (80's covers) LIVE @ Fillmore Silver Spring 1/13/24	selected tracks from the rail & balcony full setlist: https://www.setlist.fm/setlist/jessies-girl/2024/the-fillmore-silver-spring-silver-spring-md-3baf4454.html	https://www.youtube.com/playlist?list=PLJ7S-K0cjvGK9hWQ61XCZsAylAeeS16Jb	9
kate davis all	Add description	https://www.youtube.com/playlist?list=PLJ7S-K0cjvGKdP54a5ZMSwnA-spCWTBMS	29
Sadurn LIVE with Brassie & Glom @ The Atlantis DC 12/15/23	Selected tracks from my first visit to the Atlantis, from the center right balcony. Deep Dive Live - sets by Brassie, Glom, and Sadurn had a very singalong neighbor for Sadurn	https://www.youtube.com/playlist?list=PLJ7S-K0cjvGL_NJe6hrWQkT33KqZJ_XnO	8
Tab Benoit LIVE @ Birchmere 12/4/23	selected tracks from stage right near the front	https://www.youtube.com/playlist?list=PLJ7S-K0cjvGLoWqqwTUY1njk0tT8qlJ-j	5
Allison Russell LIVE @ Birchmere 12/11/23	Select tracks from the last 2023 show of the Returner Tour	https://www.youtube.com/playlist?list=PLJ7S-K0cjvGLNql2ZrYj2Xoyy8rSosOX6	3
Allman Betts Band LIVE @ Capital One Hall 12/5/23	Select tracks from 3rd row stage left, lots of heads and arms in the way	https://www.youtube.com/playlist?list=PLJ7S-K0cjvGKHr_xJc757cjDVZFPzcd3w	6
Samantha Fish LIVE @ Fillmore Siliver Spring 12/3/23	With Jesse Dayton. Selected Songs from the stage left balcony Death Wish Blues tour	https://www.youtube.com/playlist?list=PLJ7S-K0cjvGJm7BrRMqolPm0GAU4mLIdg	9
The Lone Bellow @ The Barns at Wolf Trap 11/26/23	Selected tracks from the rail in front of Kanene Four songs and some Q+A from the pre-show meet & greet. Set List: https://www.setlist.fm/setlist/the-lone-bellow/2023/the-barns-at-wolf-trap-vienna-va-53aea3e5.html	https://www.youtube.com/playlist?list=PLJ7S-K0cjvGKRyNDy8v0VqJXIn3HkT39K	10
Liz Phair LIVE @ The Anthem (DC) 11/25/23	selected tracks from the upper balcony. Guyville Tour 2023 Set List: https://www.setlist.fm/setlist/liz-phair/2023/the-anthem-washington-dc-13a14d89.html	https://www.youtube.com/playlist?list=PLJ7S-K0cjvGK7QBK-sXIc5g_ZJnCJecir	10
Shakey Graves + Sadurn LIVE @ 9:30 Club (DC) 11/13/23	selected tracks from the stage right balcony set list: https://www.setlist.fm/setlist/shakey-graves/2023/930-club-washington-dc-23a1300b.html	https://www.youtube.com/playlist?list=PLJ7S-K0cjvGKQbCrQ9b6_bJryFlPAAeKC	9
Albert Cummings LIVE @ Jammin' Java 10/26/23	Selected tracks from stage left seat 2. Set List: https://www.setlist.fm/setlist/albert-cummings/2023/jammin-java-vienna-va-63a002db.html	https://www.youtube.com/playlist?list=PLJ7S-K0cjvGIzU19hwvIT5Q2mCuVHurP_	4
Vanessa Collier LIVE @ Strathmore AMP 10/8/23	@VanessaCollier33 selected tracks from a front table. Next time I think I need to sit in front of Laura Chavez !!! Set list https://www.setlist.fm/setlist/vanessa-collier/2023/amp-by-strathmore-north-bethesda-md-ba36132.html	https://www.youtube.com/playlist?list=PLJ7S-K0cjvGKQlkdygFKav6V1ZV8eBJtG	8
Queen Latifah and friends LIVE @ Capital One Arena 10/22/23	Ok, yes. LL Cool J headlined. These are mostly from Queen Latifah's set though. From club level stage left. Set list: https://www.setlist.fm/setlist/queen-latifah/2023/capital-one-arena-washington-dc-33a098f5.html	https://www.youtube.com/playlist?list=PLJ7S-K0cjvGLBwSoqOc_FFDfCSQYpKfUq	7
Secret Sisters LIVE @ The Birchmere(VA) 10/22/23	selected tracks from a front table. supported by Amy Stroup Set List https://www.setlist.fm/setlist/the-secret-sisters/2023/the-birchmere-alexandria-va-5ba0c360.html	https://www.youtube.com/playlist?list=PLJ7S-K0cjvGIK1oDr0TNnX6SP7p7uw01q	7
Līve LIVE @ Lincoln Theater (DC) 10/18/23	Selected tracks from the balcony. Some cross traffic/focus. Set list https://www.setlist.fm/setlist/lve/2023/lincoln-theatre-washington-dc-7ba0fe80.html	https://www.youtube.com/playlist?list=PLJ7S-K0cjvGIsX-lL-_Rf_C5goarTdqM5	8
Daniel Donato's Cosmic Country LIVE @ Pearl Street Warehouse (DC) 10/13/23	Selected tracks from the rail. Set List: https://www.setlist.fm/setlist/daniel-donato/2023/pearl-street-warehouse-washington-dc-3a09d63.html Full show: https://www.youtube.com/live/BfrxVbKskRc?si=j4g1Zd7sXbkIKiCE	https://www.youtube.com/playlist?list=PLJ7S-K0cjvGILAv53HPzLkFWGn2I7eKIN	6
Wooten Brothers & Rebirth Brass Band LIVE @ Fillmore Silver Spring 10/5/23	Selections from above the stage behind the band	https://www.youtube.com/playlist?list=PLJ7S-K0cjvGJ1OZ7VePb6uyiVxN_qHmL3	5
Kenny Wayne Shepherd LIVE @ Capital One Hall 10/06/23	selections from the 2nd row center balcony, some shake and sound issues. Full set list https://www.setlist.fm/setlist/kenny-wayne-shepherd/2023/capital-one-hall-tysons-corner-va-7ba326e8.html	https://www.youtube.com/playlist?list=PLJ7S-K0cjvGKxppGZyUZqpFzipYNLus9t	7
Misc Larkin Poe & Lovell Sisters	Add description	https://www.youtube.com/playlist?list=PLJ7S-K0cjvGIN22oxdIKnZIzbKQMzwz--	56
Rhiannon Giddens + Adia Victoria LIVE @ Clarice Smith Performing Arts Center 9/27/23	Selected tracks from the side box, trying to be subtle, sorry for all the shiftiness Rhiannon Giddens band Jason Sypher - bass Francesco Turrisi - various Dirk Powell - various Niwel Tsumbu - guitar Attis Clopton - drums Adia Victoria accompanied by Mason Hickman - various	https://www.youtube.com/playlist?list=PLJ7S-K0cjvGIc1ntqg0LoA3Nwitvt7bXA	13
Songs for Hope 2023 - Kennedy Center	Surgeon General Awards Ceremony and concert 9/18/2023. Digital Program at https://www.kennedy-center.org/whats-on/arts-wellbeing/songs-for-hope/program	https://www.youtube.com/playlist?list=PLJ7S-K0cjvGKQ1LJ4aFfP8nO8WUNM3QZf	11
Crossroads 2023	I wasn't there, but I watched about 75% of the mainstage show via livestream. So much good music!	https://www.youtube.com/playlist?list=PLJ7S-K0cjvGJE3MIbaq5bkylv8dHGrzs_	19
Kingsley Flood + Glenn Yoder & the Western States @ Pearl Street Warehouse 9/9/23	a couple from the back tables on the floor, a couple from balcony	https://www.youtube.com/playlist?list=PLJ7S-K0cjvGJQaL8ICKbDYuXfLZY6WuG8	5
Sonny Landreth LIVE @ Hamilton Live 9/15/23	Selected tracks from the front row. Peter Case supporting	https://www.youtube.com/playlist?list=PLJ7S-K0cjvGJNcwLlAEHkWF6SUBGBrVNt	9
Beck LIVE Summer Odyssey Tour closing performance 9/10/23	selected tracks from Row B stage left behind the pit at Merriweather Post Pavilion, Columbia MD Bonus track from Sir Chloe and bonus track from Phoenix	https://www.youtube.com/playlist?list=PLJ7S-K0cjvGJLJigRBb2WtkHemF8jq3Ji	10
ZZ Ward LIVE @ 9:30 Club 9/8/23	selections from the rail on album drop day for Dirty Shine full set list: https://www.setlist.fm/setlist/zz-ward/2023/930-club-washington-dc-ba2ddd2.html	https://www.youtube.com/playlist?list=PLJ7S-K0cjvGK5fEehbuiAlkjhxw6nuO_A	13
Robert Cray Band LIVE @ Birchmere 8/27/23	Selected tracks from the cond row, low shooting Set List: https://www.setlist.fm/setlist/the-robert-cray-band/2023/the-birchmere-alexandria-va-73a55289.html	https://www.youtube.com/playlist?list=PLJ7S-K0cjvGJC-bn8qCCnvVx6Zots9-Z3	9
Steve Earle Alone & Acoustic LIVE @ Birchmere (VA) 8/23/23	Selections from the set and one from opener Danny Burns David Simon (The Wire, Tremé) was in the audience at the table to my right Set List: https://www.setlist.fm/setlist/steve-earle/2023/the-birchmere-alexandria-va-ba52966.html	https://www.youtube.com/playlist?list=PLJ7S-K0cjvGK5WAFCHnB0Ol69_eU0RRWh	9
Jimmie Vaughan LIVE @ State Theatre Falls Church (VA) 08/18/23	a few highlights. Dude is 72 and still doing a helluva show set list: https://www.setlist.fm/setlist/jimmie-vaughan/2023/the-state-theatre-falls-church-va-1ba5d150.html	https://www.youtube.com/playlist?list=PLJ7S-K0cjvGIWqX-7z-6qKXi1trysBQqV	3
King Solomon Hicks LIVE @ State Theater Falls Church 8/18/23	@KingSolomonHicks_Blues supporting Jimmie Vaughan Set list: https://www.setlist.fm/setlist/king-solomon-hicks/2023/the-state-theatre-falls-church-va-ba5d14e.html	https://www.youtube.com/playlist?list=PLJ7S-K0cjvGJN-_g5toarZztKqJlWSrV7	7
Honeyfunk and Zedicus (covers) at Pearl Street Warehouse (DC) 08/12/23	Honeyfunk - multi-decade cover band & Zedicus - Bob Marley tribute (plus originals) Honeyfunk setlist: https://www.setlist.fm/setlist/honeyfunk/2023/pearl-street-warehouse-washington-dc-3a59933.html Zedicus setlist: https://www.setlist.fm/setlist/zedicus-and-abyssinia-roots/2023/pearl-street-warehouse-washington-dc-5ba2ffb0.html	https://www.youtube.com/playlist?list=PLJ7S-K0cjvGKYpFBl7PH6LCxXKxR218P6	8
Malibu Wanderers LIVE @ Celtic House (VA) 8/4/2023	Bar band covers from https://malibuwanderers.com/	https://www.youtube.com/playlist?list=PLJ7S-K0cjvGKkLNqSlYuM8X_DryVQDR42	4
Ana Popović LIVE @ Hamilton Live (DC) 07/27/23	selected tracks from the front row including 2 from supporting act Skribe https://www.setlist.fm/setlist/ana-popovi/2023/the-hamilton-live-washington-dc-1ba4ed10.html	https://www.youtube.com/playlist?list=PLJ7S-K0cjvGJaKg_AUWCQQrqE0r3miNeX	6
Tab Benoit LIVE @ Birchmere 07/20/2023	Some tracks from the front row corner Also includes the set closer from opening act Anthony Rosano and the Conqueroos https://www.setlist.fm/setlist/tab-benoit/2023/the-birchmere-alexandria-va-73a74295.html	https://www.youtube.com/playlist?list=PLJ7S-K0cjvGLa9pSu_ArIRgHqdABZCY3Y	7
Daniel Donato's Cosmic Country LIVE @ 8x10 (Baltimore) 7/16/2023	From the rail in front of Mustang 🤘	https://www.youtube.com/playlist?list=PLJ7S-K0cjvGK9qsZBf69EBAjEof98__oM	7
Elvis Costello & The Imposters LIVE - Baltimore 7/9/23	Some deep cuts from the early part of the set, from the penultimate row of the balcony. Also one from Nick Lowe & Los Straightjackets	https://www.youtube.com/playlist?list=PLJ7S-K0cjvGJQlnfR1H4RhpH96g0pDezr	7
Tori Amos LIVE at Wolf Trap 7/5/23	Ocean to Ocean tour Pavilion Center-Left Aisle, row U Full Set List https://www.setlist.fm/setlist/tori-amos/2023/filene-center-at-wolf-trap-vienna-va-63a7ea9f.html	https://www.youtube.com/playlist?list=PLJ7S-K0cjvGKrWHIIZRhg4a8Md0OJAz0j	6
Kingfish Ingram LIVE - 2 shows in June 2023	full set in support of Steve Miller Band at Wolf Trap in Virginia on Thursday 6/22 shot from the pavilion balcony select fragments shot from the rail at his headlining show @ The 8x10 in Baltimore on Tuesday 6/20	https://www.youtube.com/playlist?list=PLJ7S-K0cjvGLFTXtHeMY5QzPncF8xiZP_	12
Buddy Guy LIVE - Damn Right Farewell Tour @ Wolf Trap 6/11/23	Triple bill with Robert Randolph and the Family Band and Samantha Fish+Jesse Dayton Selected tracks from stage right aisle row S	https://www.youtube.com/playlist?list=PLJ7S-K0cjvGK2nqH-cfbvIX2DiwZIHbPi	9
Kate Davis 3 shows @ Songbyrd DC	https://katedavis.bandcamp.com https://www.youtube.com/@katedavismusic THREE SHOWS, ONE VENUE 11/30/22 - playing a few tracks from her not yet released album Fish Bowl as well as a couple from Trophy - opening for Delicate Steve 04/08/23 - similar set, as headliner, with Flo Petite opening. Better sight lines, worse auto-focus. 06/15/23 - with her own band (bass, drum, guitar) on a triple bill with The House You Grew Up In and Mystery Friends opening	https://www.youtube.com/playlist?list=PLJ7S-K0cjvGLY-DcEWxAOKJUfpnxH0OjA	31
Indigo Girls with Larkin Poe LIVE - Wolf Trap 06/07/23	Larkin Poe opened for Indigo Girls, and joined them for Shame on Me during the set and Closer to Fine during the enore. Pavilion Stage Left Row G	https://www.youtube.com/playlist?list=PLJ7S-K0cjvGL5rDxxJhkLBDlMLuj3A7ev	7
Avett Brothers LIVE - Wolf Trap 05/25/23	Selected tracks from the Thursday night show Back row center orchestra	https://www.youtube.com/playlist?list=PLJ7S-K0cjvGLCiZa4_HtXyrfpcOoPxV4k	6
The Lone Bellow Trio with Lindsay Lou - LIVE Birchmere (VA) 5/23/23	Front row. Two Lindsay Lou covers and an original with The Lone Bellow Trio https://lindsayloumusic.com https://www.thelonebellow.com/ Set List (ish) AMAZING GRACE ANGEL OF MONTGOMERY ----- TELLURIDE WHEREVER YOUR HEART IS HOMESICK YOU DON'T LOVE ME LIKE YOU USED TO YOU NEVER NEED NOBODY TONGUE TIED FALLIN' PINK RABBITS / MARIETTA COST OF LIVING READY (LINDSAY LOU) POWER OVER ME COUNT GA WILL / WATCH GREEN EYES AND A HEART OF GOLD HONEY ----- TREE TO GROW FOR WHAT	https://www.youtube.com/playlist?list=PLJ7S-K0cjvGLiOWNveOqzB8vPJIDxYZE0	13
Wood Brothers LIVE @ The Anthem (DC) 5/20/23	From the 2nd level stage right. Opened with 3 tracks from the new Heart is the Hero album. Brought openers Shovels & Rope out for an encore CCR Cover of Down on the Corner	https://www.youtube.com/playlist?list=PLJ7S-K0cjvGJKzAKwX_GB_WWKCWWCJ6hZ	17
Eric Gales LIVE - Hamilton Live (DC) 5/17/23	You can tell I set my phone down on the table - Eric and band had the floor thumping all night.	https://www.youtube.com/playlist?list=PLJ7S-K0cjvGKu68uJScwygQWtPf6vHJ7M	14
Suzanne Vega - Live @ Birchmere 4/26/23	Includes some of VIP Sound Check Caramel (sound check) Calypso (sound check) Marlene on the Wall (sound check) Marlene on the Wall Small Blue Thing Caramel Gypsy In Liverpool Queen and the Solider When Heroes Go Down / Lipstick Vogue Rock in This Pocket Last Train from Mariupol I Never Wear White Some Journey Luka Tom's Diner ---- Encore Walk on the Wild Side Encore Tombstone Encore Rosemary	https://www.youtube.com/playlist?list=PLJ7S-K0cjvGKC_yYTLFmdV6_b-ZNETIX2	20
Sona Jobarteh LIVE @ Howard Theatre (DC)	4/24/2023 - relocated from defunct City Winery DC	https://www.youtube.com/playlist?list=PLJ7S-K0cjvGIzY1sGNTcJKjyY9zhvzFNv	5
Live Blues	Add description	https://www.youtube.com/playlist?list=PLJ7S-K0cjvGIs10-Aqel0Bu4UhoY9n0Hu	35
Larkin Poe Blood Harmony Tour	Add description	https://www.youtube.com/playlist?list=PLJ7S-K0cjvGLDbGHasTN10RCW0fZIMNJ0	27
Larkin Poe @ 9:30 Club (DC) -3/9/23	SET LIST --------------- STRIKE GOLD KICK THE BLUES SUMMERTIME SUNSET PREACHIN' BLUES BLUE RIDGE MOUNTAINS SHE'S A SELF MADE MAN SOUTHERN COMFORT* HOLY GHOST FIRE BLEACH BLONDE BOTTLE BLUES BACK DOWN SOUTH MAD AS A HATTER MIGHT AS WELL BE ME BAD SPELL WANTED WOMAN + AC/DC BOLT CUTTERS & THE FAMILY NAME ENCORE: WALK-ON TRACK + DEEP STAYS DOWN * the band all did shots of SoCo on stage setting up for this track	https://www.youtube.com/playlist?list=PLJ7S-K0cjvGITKvXJ5BP8bv4CKMnRkdiG	9
Enter the Haggis @ Hamilton Live (DC) 3/7/23	SET LIST (though in the printed one Down with the Ship was Encore 2) ---- Whale Shangri La News Fast Gasoline Getaway Apothecary Congress Hindsight Devil's Son Lived a Life Helplessly Basket (Caroline Piano intro) Dryden (Trevor introduces while Brian tunes) Lancaster Gate (Craig on pipes ASAP) One Last Drink Gutter Down with the Ship ENCORE 1: LETTERS ENCORE 2: MRS ELLIOT	https://www.youtube.com/playlist?list=PLJ7S-K0cjvGI9luSrliyaqhUiQz1g1-J2	10
Lucky Chops LIVE @ Union Stage (DC) 3/5/23	DC 3.5.23 SET LIST:BehrooziBest ThingsFamiliar PlacesWithout YouLC Full BlastTraveler 1/Traveler 2My No. 1Halfway To The HudsonArvoryNew DayBuyoFull Hart FancyCocoDanza 2022Encore: ProblemStand By MeFunkytown/I Feel Good	https://www.youtube.com/playlist?list=PLJ7S-K0cjvGLL0L4gg9pFhVAP67L-UsQx	12
Tedeschi Trucks @ Warner Theater (DC) 2/18/23	From the Stage Left balcony - lots of aisle traffic & lazy camera work (sorry). But what a tremendous band!	https://www.youtube.com/playlist?list=PLJ7S-K0cjvGLClt2Ci0OsSwfGPrybUt7x	7
Buffalo Nichols @ Columbia (MD) Art Center, Beyond the Blues concert 2/23/23	Nothing but admiration for Buffalo Nichols and his original voice, deeply grounded and unapologetically growling in the "scratchy" roots of American Blues. His originals are really impactful, and his approach on the 2 covers here was masterful. I think I may have jumbled some of it out of set list order, but I hope it won't matter too much...	https://www.youtube.com/playlist?list=PLJ7S-K0cjvGL3d6OIv6ko926yd1i6phA_	9
Gaelic Storm @ the Birchmere 2/16/23	A few tracks from the stage right corner at The Birchmere in Alexandria Virginia. 2/16/23 - had some focus issues. I blame the 2 pints of Black Ox Porter	https://www.youtube.com/playlist?list=PLJ7S-K0cjvGJCuoPi7VNSx0axXv1HGFOu	5
Daniel Donato's Cosmic Country  @ the Anthem	Saturday 1/28/2023 supporting Greensky Bluegrass includes the full set, plus Daniel jamming with Greensky Bluegrass From the stage right balcony level, open air mic from my Pixel 6a Corrections to titles, order &c more than welcome!	https://www.youtube.com/playlist?list=PLJ7S-K0cjvGIwrytCDiiIwjYMp9Gu-dBU	10
They Might Be Giants - Flood tour (Finally)	Selected tracks from the rail at Lincoln Theatre in DC, the Friday Night show. 12/16/2022	https://www.youtube.com/playlist?list=PLJ7S-K0cjvGL_4w7JPXDjdpVEyrdWMt7A	14
Pietasters Live 2022 Year End Show @ 9:30 Club	Select tracks from https://www.setlist.fm/setlist/the-pietasters/2022/930-club-washington-dc-73bc2279.html	https://www.youtube.com/playlist?list=PLJ7S-K0cjvGLSUDeAzh0kWdohvVdRgXwU	7
Larkin Poe Live in Baltimore 2021	The 2021 Outbreak tour. opener: Kurt Deemer Band venue: The Recher Saturday October 16, 2021	https://www.youtube.com/playlist?list=PLJ7S-K0cjvGK28bYHf1SaivuMW6_vbtb4	23
Muppet Documentaries	Add description	https://www.youtube.com/playlist?list=PLJ7S-K0cjvGJc9V6tPHO0pbXqk3L_f2qh	14
Muppet Story Songs	Add description	https://www.youtube.com/playlist?list=PLJ7S-K0cjvGKnANHwdxkWADoUfU0RMqrh	12
Saints	Add description	https://www.youtube.com/playlist?list=PLJ7S-K0cjvGIikAroKRwkO3m9GYyYlHUA	2
Muppet Christmas Songs	Add description	https://www.youtube.com/playlist?list=PLJ7S-K0cjvGIkOplSUcuGc8RUCPAsF0Is	11
Sesame Street Charts	Add description	https://www.youtube.com/playlist?list=PLJ7S-K0cjvGJdpD9YLtK-Cv6FKuOyxufb	20
Cassette Tracks not on Spotify	Add description	https://www.youtube.com/playlist?list=PLJ7S-K0cjvGKmAymvHkRCeaJoVfhMUGYS	4
Electric Mayhem songs	in no particular order	https://www.youtube.com/playlist?list=PLJ7S-K0cjvGJsqNNKoqmrNnfPgPQbOvMs	13
Miss Piggy duets	In order by first name of the human person	https://www.youtube.com/playlist?list=PLJ7S-K0cjvGKtlnHnyehd0GDC97tEMxro	10
Live Stuff	Add description	https://www.youtube.com/playlist?list=PLJ7S-K0cjvGKNrZ2UqQrk2p5ynHsuCM7q	1
Favorites	Add description	https://www.youtube.com/playlist?list=FLLk1BKTtXoyFD068_Ob2pcw	82
For Melanie	Add description	https://www.youtube.com/playlist?list=PLJ7S-K0cjvGKcEJYL_h8cUDDIu-N-7A3V	7
for Maggie	Add description	https://www.youtube.com/playlist?list=PLJ7S-K0cjvGJf18_R1v8uBWFeCEoLHgYB	2
Fourth of July	Add description	https://www.youtube.com/playlist?list=PLJ7S-K0cjvGJ83x5wwvv9icfz2cuicDbw	2
Rock Paper Scissors Set List	Peter Gabriel & Sting's Rock Paper Scissors Tour 2016 came to Washington DC on June 23, 2016. These videos follow the set list from that show in order. THEY ARE NOT FROM THE ACTUAL SHOW.They are MOSTLY live performances, MOSTLY not audience videos (except Gabriel's new song Love Can Heal). Sting covered a couple of Gabriel's songs, Gabriel covered If you love somebody, and they sang together on several songs. More details on the set list at https://medium.com/@dan2bit/set-list-rock-paper-scissors-june-23-2016-verizon-center-1def8f442e7e#.bpl84xun5	https://www.youtube.com/playlist?list=PLJ7S-K0cjvGLOvxLtcg0fbDAKTPTL1Vsn	25
OK Go	Add description	https://www.youtube.com/playlist?list=PLJ7S-K0cjvGIJfkxelLSXVzSYQ_gJeLAH	20
OLQP Farewell to George Stewart	Selections from the Farewell Concert for Choir Director George Stewart Our Lady Queen of Peace 9:30 Gospel Choir, Arlington Virginia March 7, 2016	https://www.youtube.com/playlist?list=PLJ7S-K0cjvGIL6s8mJoVG8Z4xQs_LVFv8	5
Jessie's Girl bootlegs	From the Howard Theatre show October 16, 2015	https://www.youtube.com/playlist?list=PLJ7S-K0cjvGI4qpv1aP6sdIl7UhTPukxV	4
Sesame Street	Toddler entertainment	https://www.youtube.com/playlist?list=PL80FCCC7A69F0DA68	34
BbWorld 2012	A quick series of videos covering BbWorld 2012 - warning, some loud music - total about 10 minutes. Plus, a couple of TED talks by Salman Khan and a commencement address by Freeman Hrabowski that are similar to the speeches they gave at the conference.	https://www.youtube.com/playlist?list=PL46B1B4F0037E9562	8