Artist	Venue	Date	Time	Tracking
Marcus King	The Anthem	Jun 03, 2026	8:00 PM	105
Anthony D'Amato	Fantastic Cat @ WTMD First Thursday Festival	Jun 04, 2026	5:30 PM	
Jackie Venson	New Spire Arts Stages	Jun 04, 2026	7:30 PM	76
Anthony Gomes	Tally Ho Theater	Jun 05, 2026	8:00 PM	16
Gary Clark Jr.	Filene Center at Wolf Trap	Jun 06, 2026	7:00 PM	98
Christone "KINGFISH" Ingram	Filene Center at Wolf Trap	Jun 06, 2026	7:30 PM	39
5 Seconds Of Summer	CFG Bank Arena	Jun 07, 2026	8:00 PM	142
Emmylou Harris	Filene Center at Wolf Trap	Jun 09, 2026	7:30 AM	81
Patty Griffin	Songwriters Celebrate John Prine	Jun 09, 2026	7:00 PM	34
Aoife O'Donovan	Songwriters Celebrate John Prine	Jun 09, 2026	7:00 PM	
John Prine	Songwriters Celebrate John Prine	Jun 09, 2026	7:00 PM	65
Margo Price	Filene Center at Wolf Trap	Jun 09, 2026	7:30 PM	6
Allison Russell	Filene Center at Wolf Trap	Jun 09, 2026	7:30 PM	
I'm With Her	A Songwriter's Celebration of John Prine	Jun 09, 2026	7:30 PM	10
Jill Scott	Theater at MGM National Harbor	Jun 11, 2026	8:00 PM	1147
Preservation Hall Jazz Band	Filene Center at Wolf Trap	Jun 11, 2026	8:00 PM	6
Orianthi	Rams Head On Stage	Jun 11, 2026	8:00 PM	23
Shakey Graves	Howard Theatre	Jun 11, 2026	8:00 PM	63
Young the Giant	Filene Center at Wolf Trap	Jun 12, 2026	7:00 AM	112
Greensky Bluegrass	9:30 Club	Jun 12, 2026	7:00 PM	65
Nik West	Columbia Festival of the Arts Lakefest	Jun 12, 2026	7:00 PM	
Ariel Posen	Columbia Festival of the Arts 2026	Jun 12, 2026	7:00 PM	
Amythyst Kiah	Creative Alliance	Jun 12, 2026	7:30 PM	27
Kevin Morby	Lincoln Theatre	Jun 12, 2026	8:00 PM	32
Deer Tick	The Atlantis	Jun 12, 2026	8:00 PM	27
The Wood Brothers	All Good Now 2026	Jun 13, 2026	12:00 PM	8
Dave Matthews Band	Jiffy Lube Live	Jun 13, 2026	7:30 PM	186
Jill Scott	Theater at MGM National Harbor	Jun 13, 2026	8:00 PM	1728
Ryan Bingham	Lincoln Theatre	Jun 13, 2026	8:00 PM	50
GA-20	The Hamilton Live	Jun 14, 2026	8:00 PM	10
Devon Allman	Devon Allman's Blues Summit	Jun 14, 2026	8:00 PM	6
Jill Scott	Theater at MGM National Harbor	Jun 14, 2026	8:00 PM	755
Orville Peck	Filene Center at Wolf Trap	Jun 14, 2026	8:00 PM	44
The Avett Brothers	Chesapeake Employers Insurance Arena	Jun 14, 2026	8:00 PM	87
The Black Crowes	Merriweather Post Pavilion	Jun 16, 2026	6:30 PM	99
Whiskey Myers	Merriweather Post Pavilion	Jun 16, 2026	7:00 PM	115
Umphrey's McGee	Nevermore Hall	Jun 17, 2026	6:00 PM	18
Kinga Głyk	Kinga Głyk	Jun 17, 2026	7:00 PM	7
moe.	moe.mentUM Tour: moe. & Umphrey's McGee	Jun 17, 2026	7:00 PM	11
Wilco	Filene Center at Wolf Trap	Jun 18, 2026	8:00 PM	120
Mumford & Sons	Jiffy Lube Live	Jun 19, 2026	7:00 PM	218
Wolfmother	9:30 Club	Jun 19, 2026	8:00 PM	161
Esther Rose	Metro Baltimore	Jun 19, 2026	8:00 PM	9
Will Wood	Screening of "Slouching Towards Branson" @ Silvervox Film & Music Festival	Jun 20, 2026	4:00 PM	6
Jason Derulo	The Fillmore Silver Spring	Jun 21, 2026	8:00 PM	69
Jill Scott	Theater at MGM National Harbor	Jun 23, 2026	8:00 PM	214
Ally the Piper	Union Stage	Jun 23, 2026	8:00 PM	8
Maggie Rose	Filene Center at Wolf Trap	Jun 24, 2026	6:00 PM	
The Doobie Brothers	Jiffy Lube Live	Jun 24, 2026	7:00 PM	60
Santana	Jiffy Lube Live	Jun 24, 2026	7:00 PM	52
Maggie Rose	Melissa Etheridge Wynonna Judd Raised on Radio Tour w/ Maggie Rose	Jun 24, 2026	7:30 PM	9
Circles Around The Sun	Circles Around The Sun w/ The Wildmans	Jun 25, 2026	6:30 PM	
The Wildmans	The Atlantis	Jun 25, 2026	6:30 PM	
St. Vincent	Filene Center at Wolf Trap	Jun 25, 2026	8:00 PM	93
Hermanos Gutierrez	Merriweather Post Pavilion	Jun 26, 2026	7:00 PM	121
Jack Johnson	Merriweather Post Pavilion	Jun 26, 2026	7:30 PM	442
Thundercat	Merriweather Post Pavilion	Jun 27, 2026	7:00 PM	92
The Strokes	Merriweather Post Pavilion	Jun 27, 2026	8:00 PM	338
Goose (USA)	Merriweather Post Pavilion	Jun 28, 2026	7:00 PM	54
Molly Tuttle	Filene Center at Wolf Trap	Jul 01, 2026	7:00 PM	49
Daniel Donato	Filene Center at Wolf Trap	Jul 01, 2026	7:00 PM	13
Allison Russell	Sarah McLachlan: Better Broken Tour with Allison Russell	Jul 05, 2026	7:00 PM	10
Shakira	CFG Bank Arena	Jul 06, 2026	8:00 PM	117
John Nemeth	The Collective Encore	Jul 09, 2026	7:00 PM	
Chris Brown	Northwest Stadium	Jul 10, 2026	7:00 PM	131
Jack White	The Anthem	Jul 10, 2026	8:00 PM	299
Shovels & Rope	Rams Head On Stage	Jul 10, 2026	8:00 PM	27
Usher	Northwest Stadium	Jul 10, 2026	8:00 PM	757
Chris Brown	Northwest Stadium	Jul 11, 2026	7:00 PM	87
Thundercat	Merriweather Post Pavilion	Jul 11, 2026	7:00 PM	97
Shovels & Rope	Birchmere	Jul 11, 2026	7:30 PM	22
Usher	Northwest Stadium	Jul 11, 2026	8:00 PM	564
Taj Mahal	Birchmere	Jul 12, 2026	7:30 PM	13
Chris Brown	Northwest Stadium	Jul 13, 2026	7:00 PM	26
Usher	Northwest Stadium	Jul 13, 2026	7:30 PM	15
Bywater Call	The Collective Encore	Jul 14, 2026	7:00 PM	
Tab Benoit	Rams Head On Stage	Jul 14, 2026	8:00 PM	10
John R. Miller	Songbyrd Music House	Jul 15, 2026	7:00 PM	8
Alison Krauss	Arcadia 2026 Tour	Jul 16, 2026	7:00 PM	29
Robert Jon & the Wreck	The Hamilton Live	Jul 16, 2026	8:00 PM	17
Alison Krauss	Arcadia 2026 Tour	Jul 17, 2026	7:00 PM	15
Train	Drops of Jupiter: 25 Years in the Atmosphere	Jul 17, 2026	7:00 PM	177
Ne-Yo	Jiffy Lube Live	Jul 17, 2026	8:00 PM	67
Tame Impala	CFG Bank Arena	Jul 18, 2026	7:00 PM	671
Mavis Staples	Filene Center at Wolf Trap	Jul 18, 2026	7:00 PM	10
Trombone Shorty & Orleans Avenue	Filene Center at Wolf Trap	Jul 18, 2026	7:00 PM	24
Phish	Merriweather Post Pavilion	Jul 18, 2026	7:00 PM	112
Tame Impala	CFG Bank Arena	Jul 19, 2026	7:00 PM	377
Phish	Merriweather Post Pavilion	Jul 19, 2026	7:00 PM	47
Trampled by Turtles	Trampled By Turtles + Richy Mitch & the Coal Miners in Baltimore	Jul 20, 2026	7:00 PM	55
Mikaela Davis	Songbyrd Music House	Jul 20, 2026	7:00 PM	11
Death Cab for Cutie	Merriweather Post Pavilion	Jul 21, 2026	7:00 PM	262
Japanese Breakfast	Merriweather Post Pavilion	Jul 21, 2026	7:00 PM	107
Noah Kahan	Nationals Park	Jul 22, 2026	6:30 PM	498
Kurt Vile	Howard Theatre	Jul 22, 2026	7:00 PM	63
Tori Amos	Filene Center at Wolf Trap	Jul 22, 2026	8:00 PM	70
The Seldom Scene	Hunter Mill Melodies at Frying Pan Farm Park	Jul 23, 2026	7:00 PM	12
Lucinda Williams	Filene Center at Wolf Trap	Jul 24, 2026	7:00 PM	8
Jimmie Vaughan	Filene Center at Wolf Trap	Jul 24, 2026	7:00 PM	6
Caamp	Merriweather Post Pavilion	Jul 25, 2026	7:00 PM	110
The Lone Bellow	Pier Six Pavilion	Jul 25, 2026	7:00 PM	
Jimmie Vaughan	Filene Center at Wolf Trap	Jul 25, 2026	7:00 PM	
Stephen Wilson Jr	Pier Six Pavilion	Jul 25, 2026	7:00 PM	81
Lynyrd Skynyrd	Jiffy Lube Live	Jul 25, 2026	7:00 PM	334
Los Straitjackets	The Hamilton Live	Jul 25, 2026	7:00 PM	41
Lucinda Williams	Filene Center at Wolf Trap	Jul 25, 2026	7:00 PM	
The Head And The Heart	Filene Center at Wolf Trap	Jul 26, 2026	8:00 PM	76
Herbie Hancock	Joseph Meyerhoff Symphony Hall	Jul 28, 2026	7:00 PM	80
Faye Webster	CFG Bank Arena	Jul 28, 2026	7:00 PM	94
Joe Bonamassa	Filene Center at Wolf Trap	Jul 29, 2026	7:30 PM	24
Gov't Mule	Filene Center at Wolf Trap	Jul 29, 2026	7:30 PM	67
Patty Griffin	JASON ISBELL + PATTY GRIFFIN	Jul 30, 2026	6:00 PM	61
The Revivalists	Merriweather Post Pavilion	Jul 30, 2026	6:30 PM	51
Jason Isbell	Filene Center at Wolf Trap	Jul 30, 2026	7:00 PM	91
The Red Clay Strays	Merriweather Post Pavilion	Jul 30, 2026	9:00 PM	549
Keller Williams	The Hamilton Live	Jul 31, 2026	6:30 PM	29
Patty Griffin	A Matinee With Patty Griffin	Aug 01, 2026	1:00 PM	28
Pigeons Playing Ping Pong	Plaza Stage at Nationals Park	Aug 01, 2026	6:00 PM	
Lord Huron	The Anthem	Aug 02, 2026	8:00 PM	148
Lake Street Dive	Pier Six Pavilion	Aug 04, 2026	7:00 PM	106
The DIP	Pier Six Pavilion	Aug 04, 2026	8:00 PM	26
The Cold Stares	Rams Head On Stage	Aug 05, 2026	8:00 PM	
Eli Young Band	The Bullpen	Aug 06, 2026	6:00 PM	6
houndmouth	The Anthem	Aug 07, 2026	7:00 PM	23
Gov't Mule	Pier Six Pavilion	Aug 08, 2026	7:00 PM	54
Joe Bonamassa	Pier Six Pavilion	Aug 08, 2026	7:00 PM	49
KALEO	The Anthem	Aug 08, 2026	8:00 PM	196
SABINE McCALLA	Music School At Jammin Java	Aug 08, 2026	8:00 PM	
Southern Avenue	Rams Head On Stage	Aug 12, 2026	8:00 PM	9
Olivia Dean	CFG Bank Arena	Aug 12, 2026	8:00 PM	475
Thomas Rhett	Merriweather Post Pavilion	Aug 13, 2026	5:00 PM	56
The Seldom Scene	Nottoway Nights	Aug 13, 2026	7:00 PM	
Kesha	Jiffy Lube Live	Aug 14, 2026	7:00 PM	62
Zac Brown Band	Merriweather Post Pavilion	Aug 15, 2026	7:00 PM	98
Old Crow Medicine Show	Zac Brown Band: Love and Fear Tour	Aug 15, 2026	7:00 PM	28
The Record Company	Rams Head On Stage	Aug 17, 2026	7:00 PM	23
Foo Fighters	Nationals Park	Aug 17, 2026	7:00 PM	1585
Queens of the Stone Age	Nationals Park	Aug 17, 2026	7:00 PM	296
Modest Mouse	Nationals Park	Aug 18, 2026	7:00 PM	463
Jason Aldean	Double Down	Aug 20, 2026	7:00 PM	112
Luke Bryan	Double Down tour	Aug 20, 2026	7:00 PM	49
Eric Gales	Hot August Music Festival 2026	Aug 21, 2026	12:00 PM	7
Vanessa Collier	HOT AUGUST BLUES FESTIVAL	Aug 21, 2026	7:00 PM	
Robert Earl Keen	Birchmere	Aug 21, 2026	7:30 PM	6
Jon Batiste	Filene Center at Wolf Trap	Aug 21, 2026	8:00 PM	202
Robert Earl Keen	Birchmere	Aug 22, 2026	7:30 PM	
Carbon Leaf	The Hamilton Live	Aug 22, 2026	8:00 PM	8
Will Wood	The Fillmore Silver Spring	Aug 23, 2026	7:00 PM	143
Will Wood and the Tapeworms	The Fillmore Silver Spring	Aug 23, 2026	7:00 PM	12
Robert Earl Keen	Birchmere	Aug 23, 2026	7:30 PM	
Ghalia Volt	Rams Head On Stage	Aug 25, 2026	8:00 PM	
Gregory Alan Isakov	Gregory Alan Isakov with the National Symphony Orchestra	Aug 26, 2026	8:00 PM	73
Derek Trucks	Filene Center at Wolf Trap	Aug 28, 2026	7:00 PM	7
Tedeschi Trucks Band	Wolf Trap	Aug 28, 2026	7:00 PM	136
Susan Tedeschi	Filene Center at Wolf Trap	Aug 28, 2026	7:00 PM	8
Ariel Posen	The Hamilton Live	Aug 28, 2026	7:00 PM	6
Tedeschi Trucks Band	Wolf Trap	Aug 29, 2026	7:00 PM	76
Reverend Horton Heat	Music City Maryland Festival	Aug 29, 2026	7:00 PM	25
Derek Trucks	Filene Center at Wolf Trap	Aug 29, 2026	7:00 PM	
Susan Tedeschi	Filene Center at Wolf Trap	Aug 29, 2026	7:00 PM	
Arlo Parks	Howard Theatre	Aug 29, 2026	7:00 PM	58
Big D and the Kids Table	Songbyrd Music House	Sep 03, 2026	7:00 PM	8
Social Distortion	Social Distortion - Born To Kill World Tour	Sep 04, 2026	6:00 PM	547
Jerry Garcia Symphonic Celebration	Jerry Garcia Symphonic Celebration with the National Symphony Orchestra	Sep 04, 2026	7:00 PM	21
Kacey Musgraves	CFG Bank Arena	Sep 05, 2026	7:00 PM	68
Blackberry Smoke	Capital One Hall	Sep 05, 2026	7:30 PM	16
ZZ Top	Motto Mortgage Preferred and RE/Max One Waterside Pavilion	Sep 11, 2026	7:00 PM	29
Iron Maiden	Jiffy Lube Live	Sep 11, 2026	7:15 PM	398
Megadeth	Jiffy Lube Live	Sep 11, 2026	7:15 PM	186
Charles Wesley Godwin	Pier Six Pavilion	Sep 11, 2026	8:00 PM	9
Streetlight Manifesto	The Fillmore Silver Spring	Sep 12, 2026	8:00 PM	41
Ray LaMontagne	Filene Center at Wolf Trap	Sep 13, 2026	7:00 PM	154
Robert Cray	Birchmere	Sep 15, 2026	7:30 PM	9
The Suicide Machines	Baltimore Soundstage	Sep 16, 2026	6:00 PM	21
Bouncing Souls	Baltimore Soundstage	Sep 16, 2026	6:00 PM	44
Apes of the State	Black Cat	Sep 16, 2026	7:30 PM	21
Thee Sacred Souls	The Constellation Tour: Thee Sacred Souls, LA LOM & The Womack Sisters	Sep 17, 2026	7:00 PM	20
Thee Sacred Souls	Filene Center at Wolf Trap	Sep 17, 2026	7:00 PM	43
Pat Metheny	The Music Center at Strathmore	Sep 17, 2026	8:00 PM	68
Secret Sisters	Birchmere	Sep 18, 2026	7:30 PM	13
The Avett Brothers	Filene Center at Wolf Trap	Sep 18, 2026	7:30 PM	30
The Roots	The Theater at MGM National Harbor	Sep 18, 2026	8:00 PM	95
Mt. Joy	Merriweather Post Pavilion	Sep 18, 2026	8:00 PM	171
Little Feat	Annapolis Baygrass Festival 2026	Sep 19, 2026	7:00 PM	75
The Avett Brothers	Filene Center at Wolf Trap	Sep 19, 2026	7:30 PM	12
Scythian	Annapolis Baygrass Music Festival	Sep 20, 2026	12:00 PM	
Erykah Badu	Filene Center at Wolf Trap	Sep 20, 2026	7:30 PM	104
The Milk Carton Kids	9:30 Club	Sep 21, 2026	8:00 PM	15
Thee Sacred Souls	The Constellation Tour: Thee Sacred Souls, LA LOM & The Womack Sisters	Sep 22, 2026	7:00 PM	20
Pokey LaFarge	The Atlantis	Sep 23, 2026	7:00 PM	10
Robin Trower	Birchmere	Sep 24, 2026	7:30 PM	36
Rainbow Kitten Surprise	All Things Go Festival	Sep 26, 2026	7:00 PM	27
The Bros. Landreth	Music School At Jammin Java	Sep 26, 2026	7:00 PM	
Gorillaz	Capital One Arena	Sep 26, 2026	7:00 PM	1065
Joey Landreth	The Bros. Landreth @ Jammin' Java	Sep 26, 2026	7:00 PM	
Brandi Carlile	All Things Go 2026	Sep 27, 2026	3:35 PM	12
Father John Misty	All Things Go 2026	Sep 27, 2026	6:00 PM	
Jacob Collier	The Music Center at Strathmore	Sep 28, 2026	7:00 PM	105
The Shins	Capital One Arena	Oct 02, 2026	6:00 PM	76
Weezer	Capital One Arena	Oct 02, 2026	7:00 PM	204
Chris Stapleton	Jiffy Lube Live	Oct 02, 2026	7:30 PM	301
Brittany Howard	Power To The People 2026	Oct 03, 2026	12:00 PM	
Dropkick Murphys	Power To The People	Oct 03, 2026	12:00 PM	11
Foo Fighters	Power To The People	Oct 03, 2026	2:00 PM	190
Olivia Rodrigo	Capital One Arena	Oct 03, 2026	7:00 PM	358
The California Honeydrops	9:30 Club	Oct 03, 2026	10:30 PM	11
Olivia Rodrigo	Capital One Arena	Oct 04, 2026	7:00 PM	118
The Chicks	The Anthem	Oct 06, 2026	7:00 PM	219
Foster the People	The Anthem	Oct 07, 2026	7:00 PM	74
Modest Mouse	Pier Six Pavilion	Oct 09, 2026	7:00 PM	130
Two Door Cinema Club	The Anthem	Oct 11, 2026	6:00 PM	233
Teddy Swims	Capital One Arena	Oct 13, 2026	7:00 PM	151
Benjamin Tod	Howard Theatre	Oct 16, 2026	7:00 PM	25
LOST DOG street band	Howard Theatre	Oct 16, 2026	7:00 PM	
The Tallest Man on Earth	Lincoln Theatre	Oct 17, 2026	7:00 PM	28
Jesse Welles	The Anthem	Oct 21, 2026	8:00 PM	38
Cody Jinks	Jiffy Lube Live	Oct 23, 2026	7:00 PM	23
Cavetown	The Fillmore Silver Spring	Oct 23, 2026	7:00 PM	28
Beck	The Anthem	Oct 25, 2026	7:00 PM	287
Mike Dawes	Annapolis, MD - Rescheduled Date	Oct 27, 2026	8:00 PM	21
Billy Strings	CFG Bank Arena	Oct 30, 2026	7:30 PM	82
Mike Dawes	Vienna, VA - Rescheduled Date	Oct 30, 2026	8:00 PM	15
Billy Strings	CFG Bank Arena	Oct 31, 2026	7:30 PM	75
Gaelic Storm	Tally Ho Theater	Nov 06, 2026	7:00 PM	
Punch Brothers	Warner Theatre	Nov 06, 2026	7:00 PM	19
Shemekia Copeland	Hylton Performing Arts Center: American Roots Series	Nov 07, 2026	5:00 PM	
Hiss Golden Messenger	9:30 Club	Nov 07, 2026	8:00 PM	12
Amble	9:30 Club	Nov 11, 2026	7:00 PM	6
Sammy Rae & The Friends	9:30 Club	Nov 12, 2026	7:30 PM	10
Sammy Rae & The Friends	9:30 Club	Nov 13, 2026	8:00 PM	9
Fruit Bats	9:30 Club	Nov 14, 2026	8:00 PM	20
Bill Murray and His Blood Brothers	Warner Theatre	Nov 18, 2026	8:00 PM	
Mike Zito	Bill Murray & His Blood Brothers	Nov 18, 2026	8:00 PM	12
Kurt Vile	Ottobar	Nov 24, 2026	7:00 PM	81
Bouncing Souls	Black Cat	Dec 11, 2026	6:00 PM	46
The Suicide Machines	Black Cat	Dec 11, 2026	6:00 PM	43
Gracie Abrams	Capital One Arena	Mar 04, 2027	8:00 PM	14
Gracie Abrams	Capital One Arena	Mar 05, 2027	8:00 PM	10
Angélique Kidjo	George Mason University's Center for the Arts	Apr 25, 2027	7:00 PM	
