Artist Name	URL
Alastair Greene (USA)	https://wordpress.rufrecords.de/en/alastair-greene-2/
Albert Castiglia (USA)	https://wordpress.rufrecords.de/en/albert-castiglia-e/
Ally Venable (USA)	https://wordpress.rufrecords.de/en/ally-venable-e/
Ana Popovic (SRB)	https://wordpress.rufrecords.de/en/ana-popovic-e/
Andy Frasco (USA)	https://wordpress.rufrecords.de/en/andy-frasco-e/
Ashley Sherlock (GB)	https://wordpress.rufrecords.de/en/ashley-sherlock-2/
Aynsley Lister (UK)	https://wordpress.rufrecords.de/en/aynsley-lister-e/
Bernard Allison (USA)	https://wordpress.rufrecords.de/en/bernard-allison-e/
Bette Smith (USA)	https://wordpress.rufrecords.de/en/bette-smith-e/
Big Daddy Wilson (USA)	https://wordpress.rufrecords.de/en/big-daddy-wilson-e/
Bob Brozman (USA)	https://wordpress.rufrecords.de/en/bob-brozman-e/
Buddy Miles (USA)	https://wordpress.rufrecords.de/en/buddy-miles-e/
Candye Kane (USA)	https://wordpress.rufrecords.de/en/candye-kane-e/
Canned Heat (USA)	https://wordpress.rufrecords.de/en/canned-heat-e/
Coco Montoya (USA)	https://wordpress.rufrecords.de/en/coco-montoya-e/
Colosseum (UK)	https://wordpress.rufrecords.de/en/colosseum-e/
Cyril Neville (USA)	https://wordpress.rufrecords.de/en/cyril-neville-e/
Dana Fuchs (USA)	https://wordpress.rufrecords.de/en/dana-fuchs-e/
Dani Wilde (UK)	https://wordpress.rufrecords.de/en/dani-wilde-e/
Devon Allman (USA)	https://wordpress.rufrecords.de/en/devon-allman-e/
Eddie 9V (USA)	https://wordpress.rufrecords.de/en/eddie-9v-e/
Eric Johanson (USA)	https://wordpress.rufrecords.de/en/eric-johanson-2/
Eliana Cargnelutti (ITL)	https://wordpress.rufrecords.de/en/eliana-cargnelutti-e/
Erja Lyytinen (FI)	https://wordpress.rufrecords.de/en/erja-lyytinen-e/
Ghalia Volt (BE)	https://wordpress.rufrecords.de/en/ghalia-e/
Honey Island Swamp Band (USA)	https://wordpress.rufrecords.de/en/honey-island-swamp-band-e/
Ian Parker (UK)	https://wordpress.rufrecords.de/en/ian-parker-e/
Ina Forsman (FIN)	https://wordpress.rufrecords.de/en/ina-forsman-e/
Jack Bruce & Robin Trower (UK)	https://wordpress.rufrecords.de/en/jack-bruce-robin-trower-e/
Jane Lee Hooker (USA)	https://wordpress.rufrecords.de/en/jane-lee-hooker-e/
Jeff Healey (CAN)	https://wordpress.rufrecords.de/en/jeff-healey-e/
Jeremiah Johnson (USA)	https://wordpress.rufrecords.de/en/jeremiah-johnson-e/
Joanne Shaw Taylor (UK)	https://wordpress.rufrecords.de/en/joanne-shaw-taylor-e/
Katarina Pejak (SER)	https://wordpress.rufrecords.de/en/katarina-pejak-e/
Katie Henry (USA)	https://wordpress.rufrecords.de/en/katie-henry-e/
Kenny Neal (USA)	https://wordpress.rufrecords.de/en/kenny-neal-e/
Krissy Matthews (UK)	https://wordpress.rufrecords.de/en/krissy-matthews-e/
Laurence Jones (UK)	https://wordpress.rufrecords.de/en/laurence-jones-e/
Layla Zoe (CAN)	https://wordpress.rufrecords.de/en/layla-zoe-e/
Luther Allison (USA)	https://wordpress.rufrecords.de/en/luther-allison-e-2/
Meena (A)	https://wordpress.rufrecords.de/en/meena-e/
Michael Lee (USA)	https://wordpress.rufrecords.de/en/michael-lee-e/
Micke Bjorklof (FIN)	https://wordpress.rufrecords.de/en/micke-bjorklof-e/
Mike Zito (USA)	https://wordpress.rufrecords.de/en/mike-zito-e/
Mitch Ryder (USA)	https://wordpress.rufrecords.de/en/mitch-ryder-2/
Oli Brown (UK)	https://wordpress.rufrecords.de/en/oli-brown-e/
Royal Southern Brotherhood (USA)	https://wordpress.rufrecords.de/en/royal-southern-brotherhood-e/
Ryan Perry (USA)	https://wordpress.rufrecords.de/en/ryan-perry-e/
Samantha Fish (USA)	https://wordpress.rufrecords.de/en/samantha-fish-e/
Savoy Brown (UK)	https://wordpress.rufrecords.de/en/savoy-brown-e/
Spin Doctors (USA)	https://wordpress.rufrecords.de/en/spin-doctors-e/
The BB King Blues Band (USA)	https://wordpress.rufrecords.de/en/the-bb-king-blues-band-e/
The Ragtime Rumours (NL)	https://wordpress.rufrecords.de/en/the-ragtime-rumours-2/
Thorbjørn Risager (DK)	https://wordpress.rufrecords.de/en/thorbjorn-risager-e/
Vanja Sky (HRV)	https://wordpress.rufrecords.de/en/vanja-sky-e/
Victor Wainwright (USA)	https://wordpress.rufrecords.de/en/victor-wainwright-e/
Walter Trout (USA)	https://wordpress.rufrecords.de/en/walter-trout-e/
Whitney Shay (USA)	https://wordpress.rufrecords.de/en/whitney-shay-e/
Will Jacobs (USA)	https://wordpress.rufrecords.de/en/will-jacobs-e/
Matthew Curry (USA)	https://wordpress.rufrecords.de/matthew-curry/